,timestamp,open,high,low,close,volume,vwap,atr_14,spread_pct,liquidity_score,oi,mse_state,regime,ipse_alignment,microstructure_state,mps_state
2026-05-25 09:15:00+05:30,2026-05-29 15:25:00+05:30,1365.5,1370.9000244140625,1364.5999755859375,1364.5999755859375,0,,,0.4616773370100537,0.0,,BEARISH_STRUCTURE,TREND_DOWN,ALIGNED_BEARISH,LIQUID,CONTRACTION
2026-05-25 09:20:00+05:30,2026-05-29 15:25:00+05:30,1364.0,1367.0,1364.0,1364.5999755859375,153266,1365.1999918619792,,0.2198446470521039,666824.3179283433,,BEARISH_STRUCTURE,TREND_DOWN,ALIGNED_BEARISH,LIQUID,CONTRACTION
2026-05-25 09:25:00+05:30,2026-05-29 15:25:00+05:30,1364.699951171875,1365.0,1360.300048828125,1360.5999755859375,132467,1363.701012707915,,0.34543225460892596,372692.68132615153,,BEARISH_STRUCTURE,TREND_DOWN,ALIGNED_BEARISH,LIQUID,CONTRACTION
2026-05-25 09:30:00+05:30,2026-05-29 15:25:00+05:30,1360.5999755859375,1361.0999755859375,1359.0999755859375,1360.5999755859375,135830,1362.5944389835965,,0.146993975884698,865192.4332418869,,BEARISH_STRUCTURE,TREND_DOWN,ALIGNED_BEARISH,LIQUID,CONTRACTION
2026-05-25 09:35:00+05:30,2026-05-29 15:25:00+05:30,1360.5999755859375,1360.699951171875,1358.0999755859375,1359.5999755859375,113328,1361.9317472011671,,0.1912309232586597,563173.8808569178,,BEARISH_STRUCTURE,TREND_DOWN,ALIGNED_BEARISH,LIQUID,CONTRACTION
2026-05-25 09:40:00+05:30,2026-05-29 15:25:00+05:30,1359.699951171875,1359.699951171875,1358.0999755859375,1359.4000244140625,92269,1361.5102285813382,,0.11769718678849753,722560.9453152905,,BEARISH_STRUCTURE,TREND_DOWN,ALIGNED_BEARISH,LIQUID,CONTRACTION
2026-05-25 09:45:00+05:30,2026-05-29 15:25:00+05:30,1359.5999755859375,1360.5999755859375,1359.199951171875,1360.5,88077,1361.3365646726254,,0.1029051388506064,780097.3533768163,,BEARISH_STRUCTURE,TREND_DOWN,ALIGNED_BEARISH,LIQUID,CONTRACTION
2026-05-25 09:50:00+05:30,2026-05-29 15:25:00+05:30,1360.5999755859375,1362.0,1360.0,1361.9000244140625,109640,1361.3317056955248,,0.14685365769491565,698995.4943432214,,BULLISH_STRUCTURE,TREND_DOWN,ALIGNED_BEARISH,LIQUID,CONTRACTION
2026-05-25 09:55:00+05:30,2026-05-29 15:25:00+05:30,1361.699951171875,1362.0,1360.0,1360.0999755859375,78936,1361.2765339252971,,0.14704801381518962,502623.35754777526,,BEARISH_STRUCTURE,TREND_DOWN,ALIGNED_BEARISH,LIQUID,CONTRACTION
2026-05-25 10:00:00+05:30,2026-05-29 15:25:00+05:30,1360.5,1361.300048828125,1360.0,1360.699951171875,50856,1361.2440457966316,,0.09554265266235658,481852.58487575024,,BEARISH_STRUCTURE,TREND_DOWN,ALIGNED_BEARISH,LIQUID,CONTRACTION
2026-05-25 10:05:00+05:30,2026-05-29 15:25:00+05:30,1360.699951171875,1362.0999755859375,1360.300048828125,1361.300048828125,46249,1361.2435519384044,,0.13222116309787596,325190.702934778,,BULLISH_STRUCTURE,TREND_DOWN,ALIGNED_BEARISH,LIQUID,CONTRACTION
2026-05-25 10:10:00+05:30,2026-05-29 15:25:00+05:30,1361.5,1363.0999755859375,1361.300048828125,1362.0999755859375,64076,1361.299091687293,,0.13214351296337273,450783.84981600236,,BULLISH_STRUCTURE,TREND_DOWN,ALIGNED_BEARISH,LIQUID,CONTRACTION
2026-05-25 10:15:00+05:30,2026-05-29 15:25:00+05:30,1362.0999755859375,1363.5999755859375,1362.0,1363.0999755859375,63919,1361.3897341177474,,0.11737771363760313,501806.77745443914,,BULLISH_STRUCTURE,TREND_DOWN,ALIGNED_BEARISH,LIQUID,CONTRACTION
2026-05-25 10:20:00+05:30,2026-05-29 15:25:00+05:30,1363.5,1364.4000244140625,1363.199951171875,1363.300048828125,64369,1361.5107606326403,2.385707310267857,0.08802708128845645,656645.0735239836,,BULLISH_STRUCTURE,TREND_DOWN,ALIGNED_BEARISH,LIQUID,CONTRACTION
2026-05-25 10:25:00+05:30,2026-05-29 15:25:00+05:30,1363.300048828125,1363.300048828125,1360.5,1361.0,73431,1361.5159347574424,2.415303132971939,0.20573466775349009,340376.4483690038,,BEARISH_STRUCTURE,TREND_DOWN,ALIGNED_BEARISH,LIQUID,CONTRACTION
2026-05-25 10:30:00+05:30,2026-05-29 15:25:00+05:30,1360.5,1361.5,1359.5,1360.4000244140625,57620,1361.4702828266384,2.3856386234739433,0.14701558101349047,366969.95054936234,,BEARISH_STRUCTURE,TREND_DOWN,ALIGNED_BEARISH,LIQUID,CONTRACTION
2026-05-25 10:35:00+05:30,2026-05-29 15:25:00+05:30,1360.5999755859375,1362.5,1360.0,1362.0999755859375,50262,1361.472587967814,2.3938072932258043,0.1835401251603848,259698.085646831,,BULLISH_STRUCTURE,TREND_DOWN,ALIGNED_BEARISH,LIQUID,CONTRACTION
2026-05-25 10:40:00+05:30,2026-05-29 15:25:00+05:30,1362.0999755859375,1362.5,1361.5,1362.0,44565,1361.4891499602702,2.2942496294239616,0.07342143906020558,534215.1909875022,,BULLISH_STRUCTURE,TREND_DOWN,ALIGNED_BEARISH,LIQUID,CONTRACTION
2026-05-25 10:45:00+05:30,2026-05-29 15:25:00+05:30,1362.0,1362.0,1360.4000244140625,1360.800048828125,78700,1361.4669532837986,2.244658626317786,0.11757609704051265,616886.7195788901,,BEARISH_STRUCTURE,TREND_DOWN,ALIGNED_BEARISH,LIQUID,CONTRACTION
2026-05-25 10:50:00+05:30,2026-05-29 15:25:00+05:30,1361.0999755859375,1361.699951171875,1360.199951171875,1361.5,47826,1361.4566295410807,2.1914687244379443,0.11017260374586854,397977.56318185985,,BULLISH_STRUCTURE,TREND_DOWN,ALIGNED_BEARISH,LIQUID,CONTRACTION
2026-05-25 10:55:00+05:30,2026-05-29 15:25:00+05:30,1361.5,1361.800048828125,1360.5,1361.300048828125,35598,1361.450853007824,2.1277958747013055,0.09550053489266726,337420.09020348784,,BEARISH_STRUCTURE,TREND_DOWN,ALIGNED_BEARISH,LIQUID,CONTRACTION
2026-05-25 11:00:00+05:30,2026-05-29 15:25:00+05:30,1361.300048828125,1362.0,1360.800048828125,1361.9000244140625,52371,1361.45456649428,2.0615212530708553,0.08810860932257207,533806.3638004386,,BULLISH_STRUCTURE,TREND_UP,ALIGNED_BULLISH,LIQUID,CONTRACTION
2026-05-25 11:05:00+05:30,2026-05-29 15:25:00+05:30,1361.9000244140625,1362.800048828125,1361.0999755859375,1361.5999755859375,70151,1361.4701615048189,2.0357035380077586,0.12485849534889329,520182.2830553751,,BULLISH_STRUCTURE,TREND_UP,ALIGNED_BULLISH,LIQUID,CONTRACTION
2026-05-25 11:10:00+05:30,2026-05-29 15:25:00+05:30,1361.5999755859375,1362.4000244140625,1360.9000244140625,1362.0999755859375,32330,1361.4763038471533,1.997438999578633,0.11012407509623087,269138.3885711551,,BULLISH_STRUCTURE,TREND_UP,ALIGNED_BULLISH,LIQUID,CONTRACTION
2026-05-25 11:15:00+05:30,2026-05-29 15:25:00+05:30,1362.0999755859375,1362.4000244140625,1360.699951171875,1361.0999755859375,64440,1361.4735724607867,1.9761985883364093,0.12490436211018507,477671.7297500558,,BEARISH_STRUCTURE,TREND_DOWN,ALIGNED_BEARISH,LIQUID,CONTRACTION
2026-05-25 11:20:00+05:30,2026-05-29 15:25:00+05:30,1361.0999755859375,1361.9000244140625,1360.4000244140625,1361.9000244140625,36926,1361.4720944568587,1.9421844034552374,0.11014024327118674,307357.4598700348,,BULLISH_STRUCTURE,TREND_UP,ALIGNED_BULLISH,LIQUID,CONTRACTION
2026-05-25 11:25:00+05:30,2026-05-29 15:25:00+05:30,1361.9000244140625,1362.0,1359.4000244140625,1360.699951171875,116405,1361.4260960533745,1.9891694879182562,0.19107633418361808,578909.4995818938,,BEARISH_STRUCTURE,TREND_DOWN,ALIGNED_BEARISH,LIQUID,CONTRACTION
2026-05-25 11:30:00+05:30,2026-05-29 15:25:00+05:30,1360.699951171875,1360.699951171875,1358.300048828125,1358.300048828125,76247,1361.3387348951658,2.018507549049095,0.17668425660593318,408427.584554962,,BEARISH_STRUCTURE,TREND_DOWN,ALIGNED_BEARISH,LIQUID,CONTRACTION
2026-05-25 11:35:00+05:30,2026-05-29 15:25:00+05:30,1358.800048828125,1359.4000244140625,1358.199951171875,1359.199951171875,46576,1361.2847870443363,1.9600479557018384,0.0882926195776288,473850.4294639901,,BEARISH_STRUCTURE,TREND_DOWN,ALIGNED_BEARISH,LIQUID,CONTRACTION
2026-05-25 11:40:00+05:30,2026-05-29 15:25:00+05:30,1359.4000244140625,1360.0,1359.0,1359.300048828125,33481,1361.2554117938234,1.8914731017231357,0.07356727463241956,400647.26470104593,,BEARISH_STRUCTURE,TREND_DOWN,ALIGNED_BEARISH,LIQUID,CONTRACTION
2026-05-25 11:45:00+05:30,2026-05-29 15:25:00+05:30,1359.300048828125,1359.9000244140625,1359.0,1359.9000244140625,71491,1361.201167043183,1.8206553383188047,0.06618313095849027,938409.8434987287,,BEARISH_STRUCTURE,TREND_DOWN,ALIGNED_BEARISH,LIQUID,CONTRACTION
2026-05-25 11:50:00+05:30,2026-05-29 15:25:00+05:30,1359.9000244140625,1361.0,1359.699951171875,1360.300048828125,47734,1361.1825860324225,1.7834691590192473,0.0955707403851797,452151.79722942464,,BEARISH_STRUCTURE,TREND_DOWN,ALIGNED_BEARISH,LIQUID,CONTRACTION
2026-05-25 11:55:00+05:30,2026-05-29 15:25:00+05:30,1360.300048828125,1360.300048828125,1359.4000244140625,1359.4000244140625,28096,1361.1641349882807,1.7203659629509083,0.06620747373095233,368677.75067825883,,BEARISH_STRUCTURE,TREND_DOWN,ALIGNED_BEARISH,LIQUID,CONTRACTION
2026-05-25 12:00:00+05:30,2026-05-29 15:25:00+05:30,1359.4000244140625,1359.699951171875,1358.0,1359.699951171875,91499,1361.0850303280574,1.7189077635883434,0.12502399300741868,677649.9343710915,,BEARISH_STRUCTURE,TREND_DOWN,ALIGNED_BEARISH,LIQUID,CONTRACTION
2026-05-25 12:05:00+05:30,2026-05-29 15:25:00+05:30,1359.699951171875,1361.0999755859375,1359.300048828125,1360.4000244140625,93570,1361.0536814647567,1.7246948346043547,0.13230863904076642,657514.5446594812,,BEARISH_STRUCTURE,TREND_DOWN,ALIGNED_BEARISH,LIQUID,CONTRACTION
2026-05-25 12:10:00+05:30,2026-05-29 15:25:00+05:30,1360.4000244140625,1361.0999755859375,1360.300048828125,1360.699951171875,42372,1361.0476506000957,1.6586399719763651,0.05878788759590823,615980.5378660945,,BEARISH_STRUCTURE,TREND_UP,ALIGNED_BEARISH,LIQUID,CONTRACTION
2026-05-25 12:15:00+05:30,2026-05-29 15:25:00+05:30,1360.9000244140625,1361.0,1360.0,1360.5,115310,1361.0233649393824,1.6115942596923392,0.0735023888276369,1380918.5775273975,,BEARISH_STRUCTURE,TREND_DOWN,ALIGNED_BEARISH,LIQUID,CONTRACTION
2026-05-25 12:20:00+05:30,2026-05-29 15:25:00+05:30,1360.5,1361.5,1360.0,1361.199951171875,102949,1361.018666129681,1.6036232411428866,0.11019688905429582,856503.0327323652,,BULLISH_STRUCTURE,TREND_UP,ALIGNED_BULLISH,LIQUID,CONTRACTION
2026-05-25 12:25:00+05:30,2026-05-29 15:25:00+05:30,1361.199951171875,1361.800048828125,1360.9000244140625,1360.9000244140625,65587,1361.0229622861095,1.553366182065716,0.06613449907534588,861462.2910317223,,BEARISH_STRUCTURE,TREND_UP,ALIGNED_BEARISH,LIQUID,CONTRACTION
2026-05-25 12:30:00+05:30,2026-05-29 15:25:00+05:30,1361.0,1361.5,1360.9000244140625,1361.5,31080,1361.0260376059969,1.4852668537708436,0.04406724832445832,574839.685080485,,BULLISH_STRUCTURE,TREND_UP,ALIGNED_BULLISH,LIQUID,CONTRACTION
2026-05-25 12:35:00+05:30,2026-05-29 15:25:00+05:30,1361.199951171875,1361.5,1359.5,1359.699951171875,71971,1361.0061714941564,1.522033507072926,0.1470912754153057,458147.65848535293,,BEARISH_STRUCTURE,TREND_DOWN,ALIGNED_BEARISH,LIQUID,CONTRACTION
2026-05-25 12:40:00+05:30,2026-05-29 15:25:00+05:30,1359.800048828125,1360.0,1359.0,1359.5999755859375,153032,1360.9316591248948,1.4847453994248598,0.0735510457455721,1831598.8583315865,,BEARISH_STRUCTURE,TREND_DOWN,ALIGNED_BEARISH,LIQUID,CONTRACTION
2026-05-25 12:45:00+05:30,2026-05-29 15:25:00+05:30,1359.5999755859375,1359.9000244140625,1357.5,1358.4000244140625,103983,1360.854171068174,1.550122471898977,0.17668023932035307,557011.2850646164,,BEARISH_STRUCTURE,TREND_DOWN,ALIGNED_BEARISH,LIQUID,CONTRACTION
2026-05-25 12:50:00+05:30,2026-05-29 15:25:00+05:30,1358.300048828125,1360.0,1358.0,1360.0,77063,1360.8176139192872,1.58225658104905,0.14705882352941177,490663.29588014976,,BEARISH_STRUCTURE,TREND_DOWN,ALIGNED_BEARISH,LIQUID,CONTRACTION
2026-05-25 12:55:00+05:30,2026-05-29 15:25:00+05:30,1360.0,1360.0,1359.0,1359.800048828125,35947,1360.8041128705236,1.5406668252598323,0.07354022386319221,430295.710708985,,BEARISH_STRUCTURE,TREND_DOWN,ALIGNED_BEARISH,LIQUID,CONTRACTION
2026-05-25 13:00:00+05:30,2026-05-29 15:25:00+05:30,1359.5999755859375,1360.699951171875,1358.300048828125,1360.0,46251,1360.7881135735413,1.6020407908662728,0.17646340762867646,248043.30559111264,,BEARISH_STRUCTURE,TREND_DOWN,ALIGNED_BEARISH,LIQUID,CONTRACTION
2026-05-25 13:05:00+05:30,2026-05-29 15:25:00+05:30,1360.300048828125,1363.800048828125,1359.9000244140625,1363.800048828125,164135,1360.8695053134595,1.766182478237432,0.28596746402917944,554571.092935465,,BULLISH_STRUCTURE,TREND_UP,ALIGNED_BULLISH,LIQUID,EXPANSION
2026-05-25 13:10:00+05:30,2026-05-29 15:25:00+05:30,1363.4000244140625,1364.0,1362.5,1363.9000244140625,133531,1360.9662205454163,1.7471694440776155,0.10997873547545442,1112955.5539224544,,BULLISH_STRUCTURE,TREND_UP,ALIGNED_BULLISH,LIQUID,EXPANSION
2026-05-25 13:15:00+05:30,2026-05-29 15:25:00+05:30,1363.800048828125,1365.5,1363.5999755859375,1365.0999755859375,125592,1361.0936971513368,1.758087656219393,0.139185733502556,841849.9346510785,,BULLISH_STRUCTURE,TREND_UP,ALIGNED_BULLISH,LIQUID,EXPANSION
2026-05-25 13:20:00+05:30,2026-05-29 15:25:00+05:30,1365.0999755859375,1365.199951171875,1364.0,1364.800048828125,96349,1361.1841053369078,1.7182207644805079,0.08792138986991749,983942.3248382574,,BULLISH_STRUCTURE,TREND_UP,ALIGNED_BULLISH,LIQUID,EXPANSION
2026-05-25 13:25:00+05:30,2026-05-29 15:25:00+05:30,1364.699951171875,1364.800048828125,1364.199951171875,1364.5,78667,1361.2512240439598,1.6383548281783287,0.043979307896665445,1457354.7358294236,,BULLISH_STRUCTURE,TREND_UP,ALIGNED_BULLISH,LIQUID,CONTRACTION
2026-05-25 13:30:00+05:30,2026-05-29 15:25:00+05:30,1364.5,1365.300048828125,1364.0999755859375,1365.300048828125,84965,1361.3292875717834,1.6070490006075553,0.08789813222504139,867891.9410299718,,BULLISH_STRUCTURE,TREND_UP,ALIGNED_BULLISH,LIQUID,CONTRACTION
2026-05-25 13:35:00+05:30,2026-05-29 15:25:00+05:30,1365.300048828125,1365.300048828125,1364.0,1364.0,65745,1361.3798374819082,1.5851204168588016,0.09531149766312316,624290.8083057476,,BULLISH_STRUCTURE,TREND_UP,ALIGNED_BULLISH,LIQUID,CONTRACTION
2026-05-25 13:40:00+05:30,2026-05-29 15:25:00+05:30,1364.0999755859375,1364.0999755859375,1362.699951171875,1362.699951171875,128671,1361.435026835023,1.571899273801923,0.10273900816232709,1141317.4738483885,,BULLISH_STRUCTURE,TREND_UP,ALIGNED_BULLISH,LIQUID,CONTRACTION
2026-05-25 13:45:00+05:30,2026-05-29 15:25:00+05:30,1363.0,1363.9000244140625,1362.5999755859375,1363.5999755859375,44372,1361.4553847541656,1.552481384825,0.09533945815497469,421228.6713561809,,BULLISH_STRUCTURE,TREND_UP,ALIGNED_BULLISH,LIQUID,CONTRACTION
2026-05-25 13:50:00+05:30,2026-05-29 15:25:00+05:30,1363.5999755859375,1364.0,1362.800048828125,1363.0,43908,1361.4740798567889,1.5273006553285715,0.08803750343910491,447869.42200413183,,BULLISH_STRUCTURE,TREND_UP,ALIGNED_BULLISH,LIQUID,CONTRACTION
2026-05-25 13:55:00+05:30,2026-05-29 15:25:00+05:30,1362.800048828125,1363.300048828125,1362.300048828125,1363.0,96937,1361.505106237992,1.4896363228051022,0.07336757153338225,1162766.267710992,,BULLISH_STRUCTURE,TREND_UP,ALIGNED_BULLISH,LIQUID,CONTRACTION
2026-05-25 14:00:00+05:30,2026-05-29 15:25:00+05:30,1362.9000244140625,1364.5,1362.9000244140625,1364.300048828125,59352,1361.5373355483644,1.4975176987431307,0.11727446519640677,466330.7750569564,,BULLISH_STRUCTURE,TREND_UP,ALIGNED_BULLISH,LIQUID,CONTRACTION
2026-05-25 14:05:00+05:30,2026-05-29 15:25:00+05:30,1364.300048828125,1364.300048828125,1363.4000244140625,1363.5999755859375,78847,1361.5764910077687,1.4548396069802285,0.06600355164099797,1037412.045853239,,BULLISH_STRUCTURE,TREND_UP,ALIGNED_BULLISH,LIQUID,CONTRACTION
2026-05-25 14:10:00+05:30,2026-05-29 15:25:00+05:30,1363.5999755859375,1363.699951171875,1363.0,1363.0999755859375,73429,1361.6036914777937,1.4009190044727122,0.05134995117097859,1196887.6681801723,,BULLISH_STRUCTURE,TREND_UP,ALIGNED_BULLISH,LIQUID,CONTRACTION
2026-05-25 14:15:00+05:30,2026-05-29 15:25:00+05:30,1363.0,1363.199951171875,1362.800048828125,1363.0,81420,1361.6281716294277,1.32941781442109,0.029339863811445342,2069656.376805048,,BULLISH_STRUCTURE,TREND_UP,ALIGNED_BULLISH,LIQUID,CONTRACTION
2026-05-25 14:20:00+05:30,2026-05-29 15:25:00+05:30,1363.0999755859375,1364.0,1363.0,1363.5999755859375,48160,1361.6477257164927,1.3058879705338693,0.0733352902540425,577906.4289952937,,BULLISH_STRUCTURE,TREND_UP,ALIGNED_BULLISH,LIQUID,CONTRACTION
2026-05-25 14:25:00+05:30,2026-05-29 15:25:00+05:30,1363.9000244140625,1364.9000244140625,1363.699951171875,1364.5,50270,1361.6765461419538,1.3054708889332358,0.08794966963631366,513222.76212520275,,BULLISH_STRUCTURE,TREND_UP,ALIGNED_BULLISH,LIQUID,CONTRACTION
2026-05-25 14:30:00+05:30,2026-05-29 15:25:00+05:30,1364.5999755859375,1364.800048828125,1362.5999755859375,1363.199951171875,110628,1361.718871817769,1.3693710570228261,0.16139035511967315,645473.8945068064,,BULLISH_STRUCTURE,TREND_UP,ALIGNED_BULLISH,LIQUID,CONTRACTION
2026-05-25 14:35:00+05:30,2026-05-29 15:25:00+05:30,1363.9000244140625,1365.300048828125,1363.4000244140625,1365.0,58034,1361.7525238287828,1.4215658141104814,0.13919592777014653,388978.4451048023,,BULLISH_STRUCTURE,TREND_UP,ALIGNED_BULLISH,LIQUID,CONTRACTION
2026-05-25 14:40:00+05:30,2026-05-29 15:25:00+05:30,1365.0,1365.0999755859375,1364.699951171875,1365.0,54059,1361.7871547545221,1.3485985712499116,0.02930581788003663,1375343.4711622295,,BULLISH_STRUCTURE,TREND_UP,ALIGNED_BULLISH,LIQUID,CONTRACTION
2026-05-25 14:45:00+05:30,2026-05-29 15:25:00+05:30,1365.0999755859375,1367.4000244140625,1365.0999755859375,1366.0,150545,1361.9160336235573,1.4237004171650964,0.16837839151720352,843964.3317754709,,BULLISH_STRUCTURE,TREND_UP,ALIGNED_BULLISH,LIQUID,CONTRACTION
2026-05-25 14:50:00+05:30,2026-05-29 15:25:00+05:30,1366.0,1367.5,1365.800048828125,1367.0,106918,1362.015335461676,1.4434326139300897,0.12435634029809803,795779.3414347231,,BULLISH_STRUCTURE,TREND_UP,ALIGNED_BULLISH,LIQUID,CONTRACTION
2026-05-25 14:55:00+05:30,2026-05-29 15:25:00+05:30,1367.0,1367.199951171875,1366.300048828125,1366.5999755859375,92963,1362.0972634077289,1.4046090232029407,0.06584972631542466,1225620.7703823347,,BULLISH_STRUCTURE,TREND_UP,ALIGNED_BULLISH,LIQUID,CONTRACTION
2026-05-25 15:00:00+05:30,2026-05-29 15:25:00+05:30,1366.800048828125,1367.9000244140625,1366.199951171875,1367.9000244140625,151751,1362.242593860826,1.4257136102732664,0.1242834426379752,1130079.755321115,,BULLISH_STRUCTURE,TREND_UP,ALIGNED_BULLISH,LIQUID,CONTRACTION
2026-05-25 15:05:00+05:30,2026-05-29 15:25:00+05:30,1367.9000244140625,1367.9000244140625,1366.5,1367.300048828125,215324,1362.4316990114094,1.4238786676867832,0.10239335654689856,1915807.1848325965,,BULLISH_STRUCTURE,TREND_UP,ALIGNED_BULLISH,LIQUID,CONTRACTION
2026-05-25 15:10:00+05:30,2026-05-29 15:25:00+05:30,1367.199951171875,1368.699951171875,1367.199951171875,1368.699951171875,140573,1362.5709433855875,1.429315905709156,0.10959304840448825,1175427.8519981634,,BULLISH_STRUCTURE,TREND_UP,ALIGNED_BULLISH,LIQUID,CONTRACTION
2026-05-25 15:15:00+05:30,2026-05-29 15:25:00+05:30,1368.5999755859375,1368.800048828125,1366.4000244140625,1366.4000244140625,161154,1362.6955992618698,1.498652227734395,0.17564581170815438,868072.3713462661,,BULLISH_STRUCTURE,TREND_UP,ALIGNED_BULLISH,LIQUID,EXPANSION
2026-05-25 15:20:00+05:30,2026-05-29 15:25:00+05:30,1366.4000244140625,1366.5,1365.300048828125,1366.4000244140625,216312,1362.81319903453,1.4773164380301524,0.08781843899553216,2211362.215766703,,BULLISH_STRUCTURE,TREND_UP,ALIGNED_BULLISH,LIQUID,EXPANSION
2026-05-25 15:25:00+05:30,2026-05-29 15:25:00+05:30,1366.4000244140625,1367.0,1365.800048828125,1366.5,106541,1362.8743495402448,1.4575046333047845,0.0878120140413465,1089242.472350724,,BULLISH_STRUCTURE,TREND_UP,ALIGNED_BULLISH,LIQUID,EXPANSION
2026-05-26 09:15:00+05:30,2026-05-29 15:25:00+05:30,1360.199951171875,1362.9000244140625,1357.699951171875,1361.9000244140625,0,1362.8743495402448,1.9819720757919428,0.3818248879483467,0.0,,BEARISH_STRUCTURE,TREND_DOWN,ALIGNED_BEARISH,LIQUID,EXPANSION
2026-05-26 09:20:00+05:30,2026-05-29 15:25:00+05:30,1362.5,1364.4000244140625,1361.300048828125,1362.0,194965,1362.865124654761,2.061829469373768,0.22760466857103526,820543.6415560684,,BEARISH_STRUCTURE,TREND_DOWN,ALIGNED_BEARISH,LIQUID,EXPANSION
2026-05-26 09:25:00+05:30,2026-05-29 15:25:00+05:30,1362.199951171875,1363.0,1361.300048828125,1361.800048828125,126943,1362.8491972641418,2.0359810195524277,0.12483118746675514,941495.8244085767,,BEARISH_STRUCTURE,TREND_DOWN,ALIGNED_BEARISH,LIQUID,EXPANSION
2026-05-26 09:30:00+05:30,2026-05-29 15:25:00+05:30,1362.300048828125,1363.800048828125,1362.199951171875,1363.0,99586,1362.8514291419074,2.0334109467272543,0.11739527925531915,781708.7146566459,,BULLISH_STRUCTURE,TREND_DOWN,ALIGNED_BEARISH,LIQUID,EXPANSION
2026-05-26 09:35:00+05:30,2026-05-29 15:25:00+05:30,1362.800048828125,1363.4000244140625,1361.5,1362.5999755859375,107172,1362.845919551161,2.0238833372512004,0.1394411014315087,717152.1018875699,,BEARISH_STRUCTURE,TREND_DOWN,ALIGNED_BEARISH,LIQUID,EXPANSION
2026-05-26 09:40:00+05:30,2026-05-29 15:25:00+05:30,1362.9000244140625,1363.0999755859375,1361.5999755859375,1362.0,63016,1362.8403239763436,1.9864630988761147,0.11013215859030838,524555.6288962229,,BEARISH_STRUCTURE,TREND_DOWN,ALIGNED_BEARISH,LIQUID,EXPANSION
2026-05-26 09:45:00+05:30,2026-05-29 15:25:00+05:30,1362.5,1363.0,1361.800048828125,1362.5,67098,1362.836403956201,1.9302836755188924,0.08806981077981652,684186.0860795019,,BEARISH_STRUCTURE,TREND_DOWN,ALIGNED_BEARISH,LIQUID,EXPANSION
2026-05-26 09:50:00+05:30,2026-05-29 15:25:00+05:30,1362.800048828125,1363.9000244140625,1362.5,1363.5,84586,1362.8419657619152,1.892408013986293,0.10267872490374037,750682.971184316,,BULLISH_STRUCTURE,TREND_DOWN,ALIGNED_BEARISH,LIQUID,EXPANSION
2026-05-26 09:55:00+05:30,2026-05-29 15:25:00+05:30,1363.0,1365.5,1362.4000244140625,1365.0,145317,1362.8714097451564,1.9786628405542364,0.2271044385302198,612881.820774008,,BULLISH_STRUCTURE,TREND_UP,ALIGNED_BULLISH,LIQUID,EXPANSION
2026-05-26 10:00:00+05:30,2026-05-29 15:25:00+05:30,1365.4000244140625,1365.5,1363.9000244140625,1365.300048828125,147562,1362.9121729622811,1.9516137509387552,0.1171885687187079,1160182.8803211888,,BULLISH_STRUCTURE,TREND_UP,ALIGNED_BULLISH,LIQUID,EXPANSION
2026-05-26 10:05:00+05:30,2026-05-29 15:25:00+05:30,1365.300048828125,1367.0,1364.300048828125,1366.4000244140625,149420,1362.971754834489,2.0050664238627727,0.1975959545984924,719763.5439909728,,BULLISH_STRUCTURE,TREND_UP,ALIGNED_BULLISH,LIQUID,EXPANSION
2026-05-26 10:10:00+05:30,2026-05-29 15:25:00+05:30,1366.4000244140625,1366.9000244140625,1365.0999755859375,1365.9000244140625,157646,1363.0334671966843,1.9904223098815033,0.13178481557588204,1111868.0047626763,,BULLISH_STRUCTURE,TREND_UP,ALIGNED_BULLISH,LIQUID,EXPANSION
2026-05-26 10:15:00+05:30,2026-05-29 15:25:00+05:30,1365.800048828125,1367.4000244140625,1365.0,1366.5,199561,1363.1165066947835,2.0196796030372886,0.17563296114617635,1075029.9880356702,,BULLISH_STRUCTURE,TREND_UP,ALIGNED_BULLISH,LIQUID,EXPANSION
2026-05-26 10:20:00+05:30,2026-05-29 15:25:00+05:30,1366.5,1367.300048828125,1365.699951171875,1367.0,81172,1363.1528402163033,1.9897094639810537,0.11705176709948793,638889.1855115894,,BULLISH_STRUCTURE,TREND_UP,ALIGNED_BULLISH,LIQUID,EXPANSION
2026-05-26 10:25:00+05:30,2026-05-29 15:25:00+05:30,1367.0,1367.4000244140625,1366.0,1366.5999755859375,72339,1363.1845989397698,1.9475891032725858,0.1024458099717316,643323.2151396812,,BULLISH_STRUCTURE,TREND_UP,ALIGNED_BULLISH,LIQUID,EXPANSION
2026-05-26 10:30:00+05:30,2026-05-29 15:25:00+05:30,1367.0,1367.4000244140625,1366.300048828125,1367.300048828125,61657,1363.2137668050223,1.887045280605794,0.08044873448810731,681678.9681906163,,BULLISH_STRUCTURE,TREND_UP,ALIGNED_BULLISH,LIQUID,EXPANSION
2026-05-26 10:35:00+05:30,2026-05-29 15:25:00+05:30,1367.300048828125,1368.5,1367.199951171875,1368.0,99939,1363.2711238098932,1.8451169625714516,0.09503280907346491,951502.6864615032,,BULLISH_STRUCTURE,TREND_UP,ALIGNED_BULLISH,LIQUID,CONTRACTION
2026-05-26 10:40:00+05:30,2026-05-29 15:25:00+05:30,1368.0,1368.0,1366.0,1366.300048828125,62132,1363.2975216807222,1.8561800366734909,0.14638073106382446,397312.37715369003,,BULLISH_STRUCTURE,TREND_UP,ALIGNED_BULLISH,LIQUID,CONTRACTION
2026-05-26 10:45:00+05:30,2026-05-29 15:25:00+05:30,1366.0,1366.300048828125,1363.5,1363.5,66751,1363.3066627691585,1.9235992360628844,0.20535744980748075,309954.45042496646,,BULLISH_STRUCTURE,TREND_DOWN,ALIGNED_BEARISH,LIQUID,CONTRACTION
2026-05-26 10:50:00+05:30,2026-05-29 15:25:00+05:30,1363.800048828125,1365.199951171875,1363.5,1364.699951171875,76302,1363.3172366339702,1.9076243743351784,0.1245659289732694,567023.1728207879,,BULLISH_STRUCTURE,TREND_DOWN,ALIGNED_BEARISH,LIQUID,CONTRACTION
2026-05-26 10:55:00+05:30,2026-05-29 15:25:00+05:30,1364.699951171875,1364.9000244140625,1363.300048828125,1363.5,92745,1363.3236231790074,1.8856494608782015,0.11734327729647964,728306.9979742378,,BULLISH_STRUCTURE,TREND_DOWN,ALIGNED_BEARISH,LIQUID,CONTRACTION
2026-05-26 11:00:00+05:30,2026-05-29 15:25:00+05:30,1363.300048828125,1363.800048828125,1362.199951171875,1362.699951171875,81962,1363.3195597910258,1.8652529034047585,0.11742112817087658,643237.1238315033,,BEARISH_STRUCTURE,TREND_DOWN,ALIGNED_BEARISH,LIQUID,CONTRACTION
2026-05-26 11:05:00+05:30,2026-05-29 15:25:00+05:30,1362.699951171875,1363.0,1361.699951171875,1362.9000244140625,46645,1363.315291319581,1.8248811837419188,0.09538842210263489,442600.8006322907,,BEARISH_STRUCTURE,TREND_DOWN,ALIGNED_BEARISH,LIQUID,CONTRACTION
2026-05-26 11:10:00+05:30,2026-05-29 15:25:00+05:30,1362.9000244140625,1363.5,1362.199951171875,1362.199951171875,59059,1363.3106354103795,1.7873931583407103,0.09543744492184077,560133.0726838039,,BEARISH_STRUCTURE,TREND_DOWN,ALIGNED_BEARISH,LIQUID,CONTRACTION
2026-05-26 11:15:00+05:30,2026-05-29 15:25:00+05:30,1362.199951171875,1362.5999755859375,1361.4000244140625,1362.4000244140625,67646,1363.3015009202443,1.7454330164503025,0.08807627351526744,689728.4896277143,,BEARISH_STRUCTURE,TREND_DOWN,ALIGNED_BEARISH,LIQUID,CONTRACTION
2026-05-26 11:20:00+05:30,2026-05-29 15:25:00+05:30,1362.4000244140625,1362.4000244140625,1360.699951171875,1361.199951171875,53505,1363.2901058746982,1.742193032574388,0.12489518830234195,396641.2788577655,,BEARISH_STRUCTURE,TREND_DOWN,ALIGNED_BEARISH,LIQUID,CONTRACTION
2026-05-26 11:25:00+05:30,2026-05-29 15:25:00+05:30,1361.300048828125,1361.699951171875,1360.5,1361.300048828125,40923,1363.2802456653142,1.7034614710958602,0.08814744206525063,416954.32034584734,,BEARISH_STRUCTURE,TREND_DOWN,ALIGNED_BEARISH,LIQUID,CONTRACTION
2026-05-26 11:30:00+05:30,2026-05-29 15:25:00+05:30,1361.0,1362.199951171875,1360.5,1361.4000244140625,38235,1363.2719794242437,1.7032107354372275,0.12486786700379615,283499.7012218173,,BEARISH_STRUCTURE,TREND_DOWN,ALIGNED_BEARISH,LIQUID,CONTRACTION
2026-05-26 11:35:00+05:30,2026-05-29 15:25:00+05:30,1361.9000244140625,1362.800048828125,1361.4000244140625,1362.5,91457,1363.2613573670747,1.6815545696247471,0.10275408543577982,811119.168290272,,BEARISH_STRUCTURE,TREND_DOWN,ALIGNED_BEARISH,LIQUID,CONTRACTION
2026-05-26 11:40:00+05:30,2026-05-29 15:25:00+05:30,1362.5999755859375,1363.300048828125,1361.199951171875,1361.5999755859375,67400,1363.252171017451,1.7114505043836938,0.15423749220811087,410381.32702729764,,BEARISH_STRUCTURE,TREND_DOWN,ALIGNED_BEARISH,LIQUID,CONTRACTION
2026-05-26 11:45:00+05:30,2026-05-29 15:25:00+05:30,1361.5999755859375,1362.5999755859375,1361.4000244140625,1361.9000244140625,102336,1363.2377343266398,1.67491483777593,0.08810860932257207,1043088.8859460709,,BEARISH_STRUCTURE,TREND_DOWN,ALIGNED_BEARISH,LIQUID,CONTRACTION
2026-05-26 11:50:00+05:30,2026-05-29 15:25:00+05:30,1361.9000244140625,1363.300048828125,1361.5,1362.800048828125,144375,1363.226748484557,1.6838529799437207,0.1320845878801418,1016120.0602685375,,BEARISH_STRUCTURE,TREND_DOWN,ALIGNED_BEARISH,LIQUID,CONTRACTION
2026-05-26 11:55:00+05:30,2026-05-29 15:25:00+05:30,1362.699951171875,1364.0,1361.699951171875,1362.5,103253,1363.221305294511,1.7278669690995265,0.16881092316513763,577442.3517999655,,BEARISH_STRUCTURE,TREND_DOWN,ALIGNED_BEARISH,LIQUID,CONTRACTION
2026-05-26 12:00:00+05:30,2026-05-29 15:25:00+05:30,1362.5,1363.0999755859375,1361.4000244140625,1362.300048828125,138408,1363.2073948235418,1.725872983583489,0.12478537113298416,1026877.0181553428,,BEARISH_STRUCTURE,TREND_DOWN,ALIGNED_BEARISH,LIQUID,CONTRACTION
2026-05-26 12:05:00+05:30,2026-05-29 15:25:00+05:30,1362.4000244140625,1363.300048828125,1362.0,1362.5999755859375,73121,1363.2030093860628,1.6954569724793114,0.0954094269351473,693685.5851136292,,BEARISH_STRUCTURE,TREND_DOWN,ALIGNED_BEARISH,LIQUID,CONTRACTION
2026-05-26 12:10:00+05:30,2026-05-29 15:25:00+05:30,1362.699951171875,1362.699951171875,1361.5,1362.0,26638,1363.1998556254064,1.660063701007575,0.08810214184104258,271533.31721505366,,BEARISH_STRUCTURE,TREND_DOWN,ALIGNED_BEARISH,LIQUID,CONTRACTION
2026-05-26 12:15:00+05:30,2026-05-29 15:25:00+05:30,1361.5,1362.5,1361.199951171875,1362.0,39681,1363.1945037874373,1.634348352944534,0.09545145580947136,376296.3696935132,,BEARISH_STRUCTURE,TREND_DOWN,ALIGNED_BEARISH,LIQUID,CONTRACTION
2026-05-26 12:20:00+05:30,2026-05-29 15:25:00+05:30,1362.5,1362.800048828125,1361.699951171875,1362.0999755859375,38600,1363.1905366139022,1.5961875888949244,0.08076482460670838,425274.88118064514,,BEARISH_STRUCTURE,TREND_DOWN,ALIGNED_BEARISH,LIQUID,CONTRACTION
2026-05-26 12:25:00+05:30,2026-05-29 15:25:00+05:30,1362.300048828125,1362.4000244140625,1360.300048828125,1360.4000244140625,31865,1363.1834562669849,1.632172445826537,0.15436456544037333,193867.82007804286,,BEARISH_STRUCTURE,TREND_DOWN,ALIGNED_BEARISH,LIQUID,CONTRACTION
2026-05-26 12:30:00+05:30,2026-05-29 15:25:00+05:30,1360.9000244140625,1361.699951171875,1360.0,1360.800048828125,74232,1363.1656230474994,1.6370137834014273,0.12492292114032039,550180.7948761976,,BEARISH_STRUCTURE,TREND_DOWN,ALIGNED_BEARISH,LIQUID,CONTRACTION
2026-05-26 12:35:00+05:30,2026-05-29 15:25:00+05:30,1361.0,1361.300048828125,1360.0,1360.9000244140625,67732,1363.148898427153,1.6129448580245398,0.09552860642241064,641835.444399615,,BEARISH_STRUCTURE,TREND_DOWN,ALIGNED_BEARISH,LIQUID,CONTRACTION
2026-05-26 12:40:00+05:30,2026-05-29 15:25:00+05:30,1360.9000244140625,1360.9000244140625,1358.4000244140625,1359.199951171875,114013,1363.1071471602668,1.6763059395942157,0.18393173115144318,587902.7600231451,,BEARISH_STRUCTURE,TREND_DOWN,ALIGNED_BEARISH,LIQUID,CONTRACTION
2026-05-26 12:45:00+05:30,2026-05-29 15:25:00+05:30,1359.199951171875,1359.5999755859375,1355.800048828125,1356.5999755859375,193855,1362.9969614571821,1.8279931408955217,0.28010665090652465,668219.7715710491,,BEARISH_STRUCTURE,TREND_DOWN,ALIGNED_BEARISH,LIQUID,EXPANSION
2026-05-26 12:50:00+05:30,2026-05-29 15:25:00+05:30,1356.800048828125,1359.199951171875,1355.0,1359.0,124900,1362.9330281578775,1.9974187145369129,0.3090471796817513,391478.15105147584,,BEARISH_STRUCTURE,TREND_DOWN,ALIGNED_BEARISH,LIQUID,EXPANSION
2026-05-26 12:55:00+05:30,2026-05-29 15:25:00+05:30,1358.5999755859375,1360.800048828125,1358.5999755859375,1360.800048828125,125905,1362.8983574114827,2.011894037940526,0.16167498260175173,733391.6572577844,,BEARISH_STRUCTURE,TREND_DOWN,ALIGNED_BEARISH,LIQUID,EXPANSION
2026-05-26 13:00:00+05:30,2026-05-29 15:25:00+05:30,1360.699951171875,1360.800048828125,1358.4000244140625,1358.5,194690,1362.8310655586165,2.039617636234953,0.17666723695712183,1042978.9564235153,,BEARISH_STRUCTURE,TREND_DOWN,ALIGNED_BEARISH,LIQUID,EXPANSION
2026-05-26 13:05:00+05:30,2026-05-29 15:25:00+05:30,1358.800048828125,1361.0,1358.199951171875,1360.5,228976,1362.7691094061688,2.093934149941385,0.2058102777012128,1061006.0023045565,,BEARISH_STRUCTURE,TREND_DOWN,ALIGNED_BEARISH,LIQUID,EXPANSION
2026-05-26 13:10:00+05:30,2026-05-29 15:25:00+05:30,1360.800048828125,1361.800048828125,1360.199951171875,1361.4000244140625,53738,1362.7610348136047,2.0586601146777146,0.11753324721282207,421364.6337282097,,BEARISH_STRUCTURE,TREND_UP,ALIGNED_BEARISH,LIQUID,EXPANSION
2026-05-26 13:15:00+05:30,2026-05-29 15:25:00+05:30,1361.300048828125,1362.5,1361.0,1362.199951171875,144033,1362.7497913515335,2.0187558207721636,0.1101159927886929,1199115.926664168,,BEARISH_STRUCTURE,TREND_UP,ALIGNED_BEARISH,LIQUID,EXPANSION
2026-05-26 13:20:00+05:30,2026-05-29 15:25:00+05:30,1362.300048828125,1362.9000244140625,1359.0999755859375,1359.0999755859375,306702,1362.6853205328223,2.1459910355830805,0.27960038969809536,1059052.4422972386,,BEARISH_STRUCTURE,TREND_DOWN,ALIGNED_BEARISH,LIQUID,EXPANSION
2026-05-26 13:25:00+05:30,2026-05-29 15:25:00+05:30,1359.199951171875,1362.9000244140625,1359.0999755859375,1362.300048828125,627516,1362.6196575553142,2.264138020764646,0.27894360213771335,2171759.455331078,,BEARISH_STRUCTURE,TREND_UP,ALIGNED_BEARISH,LIQUID,EXPANSION
2026-05-26 13:30:00+05:30,2026-05-29 15:25:00+05:30,1362.300048828125,1363.4000244140625,1360.699951171875,1362.0,256315,1362.6073601389198,2.2952762508662787,0.19824326300936124,1230844.1401462182,,BEARISH_STRUCTURE,TREND_UP,ALIGNED_BEARISH,LIQUID,EXPANSION
2026-05-26 13:35:00+05:30,2026-05-29 15:25:00+05:30,1362.0,1362.199951171875,1360.5999755859375,1361.199951171875,65474,1362.6005706549718,2.2456119176570803,0.11754155475542444,513354.256387684,,BEARISH_STRUCTURE,TREND_UP,ALIGNED_BEARISH,LIQUID,EXPANSION
2026-05-26 13:40:00+05:30,2026-05-29 15:25:00+05:30,1361.199951171875,1361.9000244140625,1360.199951171875,1360.199951171875,62826,1362.5912406440223,2.2066448694092533,0.12498700949980247,465422.56349557795,,BEARISH_STRUCTURE,TREND_DOWN,ALIGNED_BEARISH,LIQUID,EXPANSION
2026-05-26 13:45:00+05:30,2026-05-29 15:25:00+05:30,1361.0,1361.5,1359.4000244140625,1359.5999755859375,178046,1362.5567809626366,2.199025634875557,0.15445540038587363,1082640.032387126,,BEARISH_STRUCTURE,TREND_DOWN,ALIGNED_BEARISH,LIQUID,EXPANSION
2026-05-26 13:50:00+05:30,2026-05-29 15:25:00+05:30,1359.5999755859375,1359.800048828125,1357.0999755859375,1358.800048828125,81824,1362.530888131606,2.234814749683553,0.19871012254644344,392046.1499503553,,BEARISH_STRUCTURE,TREND_DOWN,ALIGNED_BEARISH,LIQUID,EXPANSION
2026-05-26 13:55:00+05:30,2026-05-29 15:25:00+05:30,1358.300048828125,1358.9000244140625,1357.199951171875,1358.0,53502,1362.5118850274068,2.196618927719549,0.12518948764267307,395755.6237021486,,BEARISH_STRUCTURE,TREND_DOWN,ALIGNED_BEARISH,LIQUID,EXPANSION
2026-05-26 14:00:00+05:30,2026-05-29 15:25:00+05:30,1358.0,1358.300048828125,1356.199951171875,1357.199951171875,69148,1362.4832163354613,2.1897245511860097,0.15473752813184746,419746.4948281699,,BEARISH_STRUCTURE,TREND_DOWN,ALIGNED_BEARISH,LIQUID,EXPANSION
2026-05-26 14:05:00+05:30,2026-05-29 15:25:00+05:30,1357.0999755859375,1358.800048828125,1356.5999755859375,1357.0,212244,1362.400959543898,2.190463743400402,0.16212772602708178,1233061.0814355758,,BEARISH_STRUCTURE,TREND_DOWN,ALIGNED_BEARISH,LIQUID,EXPANSION
2026-05-26 14:10:00+05:30,2026-05-29 15:25:00+05:30,1357.0,1357.0,1355.0999755859375,1356.199951171875,754469,1362.0539206465376,2.169718077019123,0.1400991360028227,5026471.304843565,,BEARISH_STRUCTURE,TREND_DOWN,ALIGNED_BEARISH,LIQUID,EXPANSION
2026-05-26 14:15:00+05:30,2026-05-29 15:25:00+05:30,1356.4000244140625,1357.9000244140625,1356.0,1357.5,87041,1362.0228523338037,2.1504542439507928,0.1399649660451197,580408.8934599039,,BEARISH_STRUCTURE,TREND_DOWN,ALIGNED_BEARISH,LIQUID,EXPANSION
2026-05-26 14:20:00+05:30,2026-05-29 15:25:00+05:30,1357.9000244140625,1358.5999755859375,1357.5,1358.5999755859375,109140,1361.993086181577,2.0754200540927004,0.08096390443869264,1199816.5720069502,,BEARISH_STRUCTURE,TREND_DOWN,ALIGNED_BEARISH,LIQUID,CONTRACTION
2026-05-26 14:25:00+05:30,2026-05-29 15:25:00+05:30,1358.5999755859375,1359.0999755859375,1356.0999755859375,1357.9000244140625,274390,1361.909948352116,2.1414614788003647,0.220929372270577,1188198.7869369027,,BEARISH_STRUCTURE,TREND_DOWN,ALIGNED_BEARISH,LIQUID,CONTRACTION
2026-05-26 14:30:00+05:30,2026-05-29 15:25:00+05:30,1357.9000244140625,1358.0,1357.0,1357.300048828125,239271,1361.835607839602,2.0599285160289105,0.07367567700770267,2859504.7994409916,,BEARISH_STRUCTURE,TREND_DOWN,ALIGNED_BEARISH,LIQUID,CONTRACTION
2026-05-26 14:35:00+05:30,2026-05-29 15:25:00+05:30,1357.300048828125,1357.699951171875,1354.0,1355.0,497016,1361.626570166497,2.1770729914464884,0.2730591270756458,1755873.4287595523,,BEARISH_STRUCTURE,TREND_DOWN,ALIGNED_BEARISH,LIQUID,EXPANSION
2026-05-26 14:40:00+05:30,2026-05-29 15:25:00+05:30,1354.5999755859375,1355.9000244140625,1354.5,1355.4000244140625,141451,1361.5667824042973,2.1215695216333463,0.10329234092110398,1248548.6560693942,,BEARISH_STRUCTURE,TREND_DOWN,ALIGNED_BEARISH,LIQUID,CONTRACTION
2026-05-26 14:45:00+05:30,2026-05-29 15:25:00+05:30,1355.5,1355.5,1354.300048828125,1354.9000244140625,78306,1361.5322670521919,2.0557396395077503,0.08856381653649527,794470.0474438873,,BEARISH_STRUCTURE,TREND_DOWN,ALIGNED_BEARISH,LIQUID,CONTRACTION
2026-05-26 14:50:00+05:30,2026-05-29 15:25:00+05:30,1354.5,1355.199951171875,1354.0,1354.800048828125,92094,1361.4907165661518,1.9946118918196967,0.0885703519802006,934297.1608592665,,BEARISH_STRUCTURE,TREND_DOWN,ALIGNED_BEARISH,LIQUID,CONTRACTION
2026-05-26 14:55:00+05:30,2026-05-29 15:25:00+05:30,1354.5,1356.0999755859375,1354.0,1355.300048828125,146013,1361.4302955120106,2.0021378699709684,0.1549454371932818,885220.0005320734,,BEARISH_STRUCTURE,TREND_DOWN,ALIGNED_BEARISH,LIQUID,CONTRACTION
2026-05-26 15:00:00+05:30,2026-05-29 15:25:00+05:30,1355.0,1357.4000244140625,1353.699951171875,1355.5999755859375,783230,1361.145861799669,2.123418967986435,0.2729472786091044,2768112.8578092568,,BEARISH_STRUCTURE,TREND_DOWN,ALIGNED_BEARISH,LIQUID,CONTRACTION
2026-05-26 15:05:00+05:30,2026-05-29 15:25:00+05:30,1354.9000244140625,1360.0,1353.0,1360.0,1774458,1360.8013647403575,2.4717461845588327,0.5147058823529411,3381814.573991032,,BEARISH_STRUCTURE,TREND_UP,ALIGNED_BEARISH,ILLIQUID,EXPANSION
2026-05-26 15:10:00+05:30,2026-05-29 15:25:00+05:30,1360.199951171875,1360.199951171875,1354.800048828125,1354.800048828125,783188,1360.62544321548,2.6809001959296306,0.39857559411964943,1916874.1629991904,,BEARISH_STRUCTURE,TREND_DOWN,ALIGNED_BEARISH,LIQUID,EXPANSION
2026-05-26 15:15:00+05:30,2026-05-29 15:25:00+05:30,1354.9000244140625,1356.4000244140625,1354.699951171875,1355.0,351753,1360.528370796036,2.610841127805193,0.1254666599400369,2596601.999013634,,BEARISH_STRUCTURE,TREND_DOWN,ALIGNED_BEARISH,LIQUID,EXPANSION
2026-05-26 15:20:00+05:30,2026-05-29 15:25:00+05:30,1355.0,1356.199951171875,1354.9000244140625,1355.699951171875,310099,1360.4494542492832,2.517204387091429,0.0958860223229215,2928611.285956974,,BEARISH_STRUCTURE,TREND_DOWN,ALIGNED_BEARISH,LIQUID,EXPANSION
2026-05-26 15:25:00+05:30,2026-05-29 15:25:00+05:30,1356.0,1358.4000244140625,1355.699951171875,1357.0,348061,1360.389140599846,2.53026644816972,0.19897370981484894,1665573.149408998,,BEARISH_STRUCTURE,TREND_UP,ALIGNED_BEARISH,LIQUID,EXPANSION
2026-05-27 09:15:00+05:30,2026-05-29 15:25:00+05:30,1358.0,1358.0,1351.4000244140625,1354.0999755859375,0,1360.389140599846,2.820959958010276,0.487406816699897,0.0,,BEARISH_STRUCTURE,TREND_DOWN,ALIGNED_BEARISH,LIQUID,EXPANSION
2026-05-27 09:20:00+05:30,2026-05-29 15:25:00+05:30,1354.0999755859375,1357.699951171875,1354.0,1356.0,239846,1360.335180671483,2.8837450447148996,0.27285775603797935,847938.5658698212,,BEARISH_STRUCTURE,TREND_DOWN,ALIGNED_BEARISH,LIQUID,EXPANSION
2026-05-27 09:25:00+05:30,2026-05-29 15:25:00+05:30,1356.0,1356.699951171875,1353.4000244140625,1356.699951171875,145082,1360.301000034974,2.913472309936157,0.24323187709722596,572921.5518325015,,BEARISH_STRUCTURE,TREND_UP,ALIGNED_BEARISH,LIQUID,EXPANSION
2026-05-27 09:30:00+05:30,2026-05-29 15:25:00+05:30,1355.800048828125,1356.0999755859375,1352.0,1352.0999755859375,205247,1360.2312402344967,3.0410779429317882,0.303230209301702,655259.2754624984,,BEARISH_STRUCTURE,TREND_DOWN,ALIGNED_BEARISH,LIQUID,EXPANSION
2026-05-27 09:35:00+05:30,2026-05-29 15:25:00+05:30,1352.0,1354.9000244140625,1350.9000244140625,1353.5,210286,1360.1581406305825,3.1095723755795177,0.2955301071296638,688266.0500320408,,BEARISH_STRUCTURE,TREND_DOWN,ALIGNED_BEARISH,LIQUID,EXPANSION
2026-05-27 09:40:00+05:30,2026-05-29 15:25:00+05:30,1353.699951171875,1357.0,1353.4000244140625,1357.0,103796,1360.1362009756347,3.1446011763193735,0.26528928415162123,377043.37210173503,,BEARISH_STRUCTURE,TREND_UP,ALIGNED_BEARISH,LIQUID,EXPANSION
2026-05-27 09:45:00+05:30,2026-05-29 15:25:00+05:30,1356.699951171875,1359.9000244140625,1355.699951171875,1359.199951171875,196614,1360.1185413897772,3.2199920381670966,0.3090106969593606,616324.1605188149,,BEARISH_STRUCTURE,TREND_UP,ALIGNED_BEARISH,LIQUID,EXPANSION
2026-05-27 09:50:00+05:30,2026-05-29 15:25:00+05:30,1359.4000244140625,1359.699951171875,1356.199951171875,1356.9000244140625,175813,1360.0974464456676,3.239992606869447,0.25794089004540866,656163.3798044206,,BEARISH_STRUCTURE,TREND_UP,ALIGNED_BEARISH,LIQUID,EXPANSION
2026-05-27 09:55:00+05:30,2026-05-29 15:25:00+05:30,1356.4000244140625,1357.800048828125,1355.0999755859375,1355.5,83852,1360.081673920436,3.201426937963594,0.19919389466525267,400833.8777485742,,BEARISH_STRUCTURE,TREND_DOWN,ALIGNED_BEARISH,LIQUID,EXPANSION
2026-05-27 10:00:00+05:30,2026-05-29 15:25:00+05:30,1355.4000244140625,1355.4000244140625,1354.199951171875,1355.0,56613,1360.06770221793,3.065614215832266,0.08856629093634685,574364.7190352341,,BEARISH_STRUCTURE,TREND_DOWN,ALIGNED_BEARISH,LIQUID,EXPANSION
2026-05-27 10:05:00+05:30,2026-05-29 15:25:00+05:30,1355.199951171875,1357.699951171875,1354.9000244140625,1357.199951171875,112031,1360.0494143021938,3.0466365402594255,0.2063017137154258,517938.56865781447,,BEARISH_STRUCTURE,TREND_UP,ALIGNED_BEARISH,LIQUID,EXPANSION
2026-05-27 10:10:00+05:30,2026-05-29 15:25:00+05:30,1357.699951171875,1358.699951171875,1356.199951171875,1357.5,142699,1360.0321804667872,3.007591073098038,0.1841620626151013,734947.8990799582,,BEARISH_STRUCTURE,TREND_UP,ALIGNED_BEARISH,LIQUID,EXPANSION
2026-05-27 10:15:00+05:30,2026-05-29 15:25:00+05:30,1357.800048828125,1357.9000244140625,1355.800048828125,1357.199951171875,48010,1360.025313996898,2.9427613954437137,0.15472853385562496,291449.2035853241,,BEARISH_STRUCTURE,TREND_UP,ALIGNED_BEARISH,LIQUID,EXPANSION
2026-05-27 10:20:00+05:30,2026-05-29 15:25:00+05:30,1357.199951171875,1357.199951171875,1354.0999755859375,1355.300048828125,112913,1360.0017743222695,2.9539909804789843,0.22872983651243337,472973.97614612506,,BEARISH_STRUCTURE,TREND_DOWN,ALIGNED_BEARISH,LIQUID,EXPANSION
2026-05-27 10:25:00+05:30,2026-05-29 15:25:00+05:30,1355.300048828125,1355.9000244140625,1354.800048828125,1355.0,113874,1359.9767058758227,2.821561309440307,0.08117901003228782,1248905.860676438,,BEARISH_STRUCTURE,TREND_DOWN,ALIGNED_BEARISH,LIQUID,CONTRACTION
2026-05-27 10:30:00+05:30,2026-05-29 15:25:00+05:30,1355.5,1359.0999755859375,1354.9000244140625,1359.0999755859375,118403,1359.9643283929256,2.920017728185642,0.3090244461276154,371140.8371276874,,BEARISH_STRUCTURE,TREND_UP,ALIGNED_BEARISH,LIQUID,CONTRACTION
2026-05-27 10:35:00+05:30,2026-05-29 15:25:00+05:30,1359.0999755859375,1359.4000244140625,1358.0999755859375,1358.5,96736,1359.9585900561315,2.8043056638955965,0.09569737417188075,915216.6811891834,,BEARISH_STRUCTURE,TREND_UP,ALIGNED_BEARISH,LIQUID,CONTRACTION
2026-05-27 10:40:00+05:30,2026-05-29 15:25:00+05:30,1358.0999755859375,1358.699951171875,1355.800048828125,1356.199951171875,68158,1359.9490900078088,2.811133998170911,0.21382557500051755,304513.90552595427,,BEARISH_STRUCTURE,TREND_DOWN,ALIGNED_BEARISH,LIQUID,CONTRACTION
2026-05-27 10:45:00+05:30,2026-05-29 15:25:00+05:30,1356.0999755859375,1356.9000244140625,1352.5,1356.0,528547,1359.8358248653394,2.924626170734596,0.3244855762582965,1580178.7506431828,,BEARISH_STRUCTURE,TREND_DOWN,ALIGNED_BEARISH,LIQUID,CONTRACTION
2026-05-27 10:50:00+05:30,2026-05-29 15:25:00+05:30,1356.5999755859375,1358.4000244140625,1355.5999755859375,1358.4000244140625,55639,1359.8299736400654,2.915727789119625,0.2061284435954559,257434.88027028853,,BEARISH_STRUCTURE,TREND_UP,ALIGNED_BEARISH,LIQUID,CONTRACTION
2026-05-27 10:55:00+05:30,2026-05-29 15:25:00+05:30,1357.800048828125,1359.0,1357.4000244140625,1358.0,398442,1359.8004877826722,2.8217454888923306,0.11781852621041973,3117247.646433269,,BEARISH_STRUCTURE,TREND_UP,ALIGNED_BEARISH,LIQUID,CONTRACTION
2026-05-27 11:00:00+05:30,2026-05-29 15:25:00+05:30,1358.300048828125,1358.800048828125,1357.199951171875,1358.300048828125,120025,1359.7916318492776,2.7344849294178784,0.1178014870595408,939151.8264891717,,BEARISH_STRUCTURE,TREND_UP,ALIGNED_BEARISH,LIQUID,CONTRACTION
2026-05-27 11:05:00+05:30,2026-05-29 15:25:00+05:30,1358.300048828125,1358.5999755859375,1357.300048828125,1358.0999755859375,113256,1359.7828704339192,2.6320164885889232,0.09571657324061586,1071317.3585585682,,BEARISH_STRUCTURE,TREND_UP,ALIGNED_BEARISH,LIQUID,CONTRACTION
2026-05-27 11:10:00+05:30,2026-05-29 15:25:00+05:30,1358.300048828125,1358.9000244140625,1356.9000244140625,1358.300048828125,42731,1359.7796484612395,2.5868724536897143,0.147242871832737,271751.58722268813,,BEARISH_STRUCTURE,TREND_UP,ALIGNED_BEARISH,LIQUID,CONTRACTION
2026-05-27 11:15:00+05:30,2026-05-29 15:25:00+05:30,1358.4000244140625,1359.5,1357.4000244140625,1359.0,133141,1359.773108253678,2.5520941059931275,0.15452358984087566,809251.7317958575,,BEARISH_STRUCTURE,TREND_UP,ALIGNED_BEARISH,LIQUID,CONTRACTION
2026-05-27 11:20:00+05:30,2026-05-29 15:25:00+05:30,1359.0,1360.9000244140625,1359.0,1359.9000244140625,226240,1359.774646877917,2.505517699426654,0.1397179483750035,1511108.0699110916,,BULLISH_STRUCTURE,TREND_UP,ALIGNED_BULLISH,LIQUID,CONTRACTION
2026-05-27 11:25:00+05:30,2026-05-29 15:25:00+05:30,1360.0,1360.199951171875,1358.0999755859375,1358.199951171875,135109,1359.7692797405748,2.4765504056060004,0.15461461209195376,820759.4592181651,,BEARISH_STRUCTURE,TREND_UP,ALIGNED_BEARISH,LIQUID,CONTRACTION
2026-05-27 11:30:00+05:30,2026-05-29 15:25:00+05:30,1358.5999755859375,1359.199951171875,1357.5999755859375,1358.199951171875,220340,1359.756050657784,2.413937918486822,0.11780118122939243,1724084.2211349215,,BEARISH_STRUCTURE,TREND_UP,ALIGNED_BEARISH,LIQUID,CONTRACTION
2026-05-27 11:35:00+05:30,2026-05-29 15:25:00+05:30,1358.300048828125,1358.4000244140625,1355.199951171875,1355.800048828125,111380,1359.740803502912,2.470090441608299,0.2360284058813435,452711.95251217135,,BEARISH_STRUCTURE,TREND_DOWN,ALIGNED_BEARISH,LIQUID,CONTRACTION
2026-05-27 11:40:00+05:30,2026-05-29 15:25:00+05:30,1356.0,1357.5999755859375,1355.699951171875,1357.0999755859375,50821,1359.7345967486108,2.429371439640742,0.14000622269867413,338792.61197108455,,BEARISH_STRUCTURE,TREND_DOWN,ALIGNED_BEARISH,LIQUID,CONTRACTION
2026-05-27 11:45:00+05:30,2026-05-29 15:25:00+05:30,1357.5,1358.9000244140625,1356.5,1356.699951171875,108423,1359.7239824520695,2.4272752235280106,0.17690163635588207,580107.280567358,,BEARISH_STRUCTURE,TREND_DOWN,ALIGNED_BEARISH,LIQUID,CONTRACTION
2026-05-27 11:50:00+05:30,2026-05-29 15:25:00+05:30,1356.800048828125,1357.0999755859375,1355.5999755859375,1356.0999755859375,47822,1359.7171604556434,2.361041278990296,0.11061131384150988,396496.80014961807,,BEARISH_STRUCTURE,TREND_DOWN,ALIGNED_BEARISH,LIQUID,CONTRACTION
2026-05-27 11:55:00+05:30,2026-05-29 15:25:00+05:30,1356.300048828125,1357.4000244140625,1356.0,1356.5,87613,1359.7060525568206,2.2923972172097393,0.10320858194342057,773907.7594292918,,BEARISH_STRUCTURE,TREND_DOWN,ALIGNED_BEARISH,LIQUID,CONTRACTION
2026-05-27 12:00:00+05:30,2026-05-29 15:25:00+05:30,1356.0999755859375,1356.699951171875,1355.4000244140625,1356.300048828125,76959,1359.694784218723,2.221506470109937,0.0958435973614885,727101.1371350249,,BEARISH_STRUCTURE,TREND_DOWN,ALIGNED_BEARISH,LIQUID,CONTRACTION
2026-05-27 12:05:00+05:30,2026-05-29 15:25:00+05:30,1356.199951171875,1356.199951171875,1354.5,1355.699951171875,59029,1359.6845802525231,2.191402352825299,0.12539287697145318,435983.05406011816,,BEARISH_STRUCTURE,TREND_DOWN,ALIGNED_BEARISH,LIQUID,CONTRACTION
2026-05-27 12:10:00+05:30,2026-05-29 15:25:00+05:30,1355.699951171875,1355.9000244140625,1354.5999755859375,1354.800048828125,73300,1359.6708823000477,2.127734243918135,0.09595872315250625,691778.8155534812,,BEARISH_STRUCTURE,TREND_DOWN,ALIGNED_BEARISH,LIQUID,CONTRACTION
2026-05-27 12:15:00+05:30,2026-05-29 15:25:00+05:30,1355.0,1357.800048828125,1355.0,1357.5999755859375,185207,1359.6493713863283,2.1900389407811254,0.20624991738943604,856448.8820889024,,BEARISH_STRUCTURE,TREND_UP,ALIGNED_BEARISH,LIQUID,CONTRACTION
2026-05-27 12:20:00+05:30,2026-05-29 15:25:00+05:30,1357.800048828125,1358.5,1356.300048828125,1357.0,243424,1359.6261353566772,2.1907469572878306,0.16211873042557112,1414279.5464393878,,BEARISH_STRUCTURE,TREND_UP,ALIGNED_BEARISH,LIQUID,CONTRACTION
2026-05-27 12:25:00+05:30,2026-05-29 15:25:00+05:30,1356.5,1357.199951171875,1354.699951171875,1355.199951171875,222237,1359.591488104954,2.2128364603387,0.18447462293945538,1142755.7829444292,,BEARISH_STRUCTURE,TREND_DOWN,ALIGNED_BEARISH,LIQUID,CONTRACTION
2026-05-27 12:30:00+05:30,2026-05-29 15:25:00+05:30,1354.800048828125,1355.9000244140625,1354.5,1355.0,51506,1359.582388833763,2.1547784570332573,0.10332283498616236,454506.8079728971,,BEARISH_STRUCTURE,TREND_DOWN,ALIGNED_BEARISH,LIQUID,CONTRACTION
2026-05-27 12:35:00+05:30,2026-05-29 15:25:00+05:30,1355.0,1355.800048828125,1354.5,1354.5999755859375,52706,1359.5727685636061,2.0937263406826676,0.09597289617273606,497353.5866575648,,BEARISH_STRUCTURE,TREND_DOWN,ALIGNED_BEARISH,LIQUID,CONTRACTION
2026-05-27 12:40:00+05:30,2026-05-29 15:25:00+05:30,1354.5999755859375,1355.199951171875,1353.9000244140625,1354.4000244140625,42298,1359.56429770608,2.0370263704776557,0.09597805185915227,399120.37688912416,,BEARISH_STRUCTURE,TREND_DOWN,ALIGNED_BEARISH,LIQUID,CONTRACTION
2026-05-27 12:45:00+05:30,2026-05-29 15:25:00+05:30,1354.4000244140625,1354.5999755859375,1353.800048828125,1354.300048828125,20147,1359.5600609702776,1.9486621124301446,0.05906569659394727,291707.7651217903,,BEARISH_STRUCTURE,TREND_DOWN,ALIGNED_BEARISH,LIQUID,CONTRACTION
2026-05-27 12:50:00+05:30,2026-05-29 15:25:00+05:30,1354.300048828125,1354.300048828125,1352.199951171875,1352.5999755859375,56687,1359.5454987818136,1.9594789369887058,0.15526376564809943,343009.24814157473,,BEARISH_STRUCTURE,TREND_DOWN,ALIGNED_BEARISH,LIQUID,CONTRACTION
2026-05-27 12:55:00+05:30,2026-05-29 15:25:00+05:30,1352.5999755859375,1353.4000244140625,1352.5,1353.300048828125,30536,1359.5377214124546,1.8838036139225482,0.06650590272584901,399132.60169509536,,BEARISH_STRUCTURE,TREND_DOWN,ALIGNED_BEARISH,LIQUID,CONTRACTION
2026-05-27 13:00:00+05:30,2026-05-29 15:25:00+05:30,1353.300048828125,1355.300048828125,1352.699951171875,1355.0999755859375,149743,1359.507459054056,1.9349674740887948,0.19187496886535865,741761.1051119057,,BEARISH_STRUCTURE,TREND_DOWN,ALIGNED_BEARISH,LIQUID,CONTRACTION
2026-05-27 13:05:00+05:30,2026-05-29 15:25:00+05:30,1355.0,1355.800048828125,1353.800048828125,1354.9000244140625,143153,1359.4814544342917,1.9396126545110237,0.14761236725675875,908259.9448988435,,BEARISH_STRUCTURE,TREND_DOWN,ALIGNED_BEARISH,LIQUID,CONTRACTION
2026-05-27 13:10:00+05:30,2026-05-29 15:25:00+05:30,1355.0,1355.699951171875,1353.199951171875,1353.5999755859375,92364,1359.4624441224344,1.9796403220459506,0.18469267472598885,474409.2202235827,,BEARISH_STRUCTURE,TREND_DOWN,ALIGNED_BEARISH,LIQUID,CONTRACTION
2026-05-27 13:15:00+05:30,2026-05-29 15:25:00+05:30,1353.5999755859375,1353.699951171875,1352.699951171875,1352.699951171875,49214,1359.4502144951066,1.9096660133283827,0.07392622429931169,586395.973497924,,BEARISH_STRUCTURE,TREND_DOWN,ALIGNED_BEARISH,LIQUID,CONTRACTION
2026-05-27 13:20:00+05:30,2026-05-29 15:25:00+05:30,1352.699951171875,1354.5,1352.5999755859375,1354.300048828125,87788,1359.4311072236244,1.9089773276665338,0.14029567640543097,584101.9655361673,,BEARISH_STRUCTURE,TREND_DOWN,ALIGNED_BEARISH,LIQUID,CONTRACTION
2026-05-27 13:25:00+05:30,2026-05-29 15:25:00+05:30,1354.300048828125,1355.5,1354.199951171875,1355.4000244140625,90439,1359.4158393593757,1.8654824348421386,0.09591624647395217,853872.7816628353,,BEARISH_STRUCTURE,TREND_UP,ALIGNED_BEARISH,LIQUID,CONTRACTION
2026-05-27 13:30:00+05:30,2026-05-29 15:25:00+05:30,1355.4000244140625,1356.699951171875,1355.0999755859375,1356.699951171875,84716,1359.4053070776672,1.8465176599203788,0.11793142504025972,662198.51747403,,BEARISH_STRUCTURE,TREND_UP,ALIGNED_BEARISH,LIQUID,CONTRACTION
2026-05-27 13:35:00+05:30,2026-05-29 15:25:00+05:30,1356.699951171875,1359.5999755859375,1356.5999755859375,1359.0999755859375,345907,1359.3926103087338,1.9289092556403518,0.22073431343464156,1499157.1684806324,,BEARISH_STRUCTURE,TREND_UP,ALIGNED_BEARISH,LIQUID,CONTRACTION
2026-05-27 13:40:00+05:30,2026-05-29 15:25:00+05:30,1359.0,1359.199951171875,1355.0999755859375,1355.0999755859375,158836,1359.3751645054638,2.083985422090148,0.3025589004357183,508179.4176348103,,BEARISH_STRUCTURE,TREND_DOWN,ALIGNED_BEARISH,LIQUID,EXPANSION
2026-05-27 13:45:00+05:30,2026-05-29 15:25:00+05:30,1355.0999755859375,1357.5,1354.5,1356.699951171875,165464,1359.355770357196,2.1494150347979946,0.22112479604710633,715907.6084864396,,BEARISH_STRUCTURE,TREND_UP,ALIGNED_BEARISH,LIQUID,EXPANSION
2026-05-27 13:50:00+05:30,2026-05-29 15:25:00+05:30,1356.5999755859375,1357.800048828125,1356.300048828125,1357.800048828125,50932,1359.351871721096,2.103028246598138,0.11047281971263762,422767.5596992541,,BEARISH_STRUCTURE,TREND_UP,ALIGNED_BEARISH,LIQUID,EXPANSION
2026-05-27 13:55:00+05:30,2026-05-29 15:25:00+05:30,1357.800048828125,1358.0,1357.199951171875,1357.300048828125,64260,1359.3474512211772,2.0099582881357714,0.058944139051328524,932058.9231255581,,BEARISH_STRUCTURE,TREND_UP,ALIGNED_BEARISH,LIQUID,EXPANSION
2026-05-27 14:00:00+05:30,2026-05-29 15:25:00+05:30,1357.4000244140625,1358.0,1356.5,1356.800048828125,135511,1359.3361947882995,1.9735326961260735,0.11055424130442489,1124066.6320300265,,BEARISH_STRUCTURE,TREND_UP,ALIGNED_BEARISH,LIQUID,CONTRACTION
2026-05-27 14:05:00+05:30,2026-05-29 15:25:00+05:30,1356.800048828125,1357.5,1356.0,1356.5999755859375,120948,1359.3244625863415,1.9397089321170684,0.11057054599696022,1003130.5655947623,,BEARISH_STRUCTURE,TREND_UP,ALIGNED_BEARISH,LIQUID,CONTRACTION
2026-05-27 14:10:00+05:30,2026-05-29 15:25:00+05:30,1356.9000244140625,1356.9000244140625,1355.199951171875,1355.199951171875,154854,1359.3043048925147,1.9225920971220993,0.1254481481287986,1143271.4447505642,,BEARISH_STRUCTURE,TREND_DOWN,ALIGNED_BEARISH,LIQUID,CONTRACTION
2026-05-27 14:15:00+05:30,2026-05-29 15:25:00+05:30,1355.199951171875,1356.5999755859375,1353.5999755859375,1355.699951171875,351498,1359.2534610572468,1.9995498044705207,0.2212879035222198,1519742.2547704992,,BEARISH_STRUCTURE,TREND_DOWN,ALIGNED_BEARISH,LIQUID,EXPANSION
2026-05-27 14:20:00+05:30,2026-05-29 15:25:00+05:30,1356.0,1358.0999755859375,1355.5999755859375,1357.9000244140625,372744,1359.2261791316453,2.0352962470083407,0.18410781022548084,1920293.6737424969,,BEARISH_STRUCTURE,TREND_UP,ALIGNED_BEARISH,LIQUID,EXPANSION
2026-05-27 14:25:00+05:30,2026-05-29 15:25:00+05:30,1358.0,1358.0,1351.5999755859375,1352.5999755859375,757144,1359.0905978482847,2.3470625446550666,0.4731646110883635,1567051.8548419306,,BEARISH_STRUCTURE,TREND_DOWN,ALIGNED_BEARISH,LIQUID,EXPANSION
2026-05-27 14:30:00+05:30,2026-05-29 15:25:00+05:30,1352.5999755859375,1352.800048828125,1351.5999755859375,1351.5999755859375,111962,1359.0631517632262,2.2651347373359547,0.08878908433445713,1133343.838079773,,BEARISH_STRUCTURE,TREND_DOWN,ALIGNED_BEARISH,LIQUID,EXPANSION
2026-05-27 14:35:00+05:30,2026-05-29 15:25:00+05:30,1351.5999755859375,1353.4000244140625,1351.0,1353.4000244140625,186823,1359.0216750371653,2.2747697142449934,0.17733296665939993,997277.7527175602,,BEARISH_STRUCTURE,TREND_DOWN,ALIGNED_BEARISH,LIQUID,EXPANSION
2026-05-27 14:40:00+05:30,2026-05-29 15:25:00+05:30,1353.300048828125,1354.300048828125,1350.0,1350.9000244140625,636779,1358.8656660185354,2.419432508093565,0.3183099230448306,1939566.718222672,,BEARISH_STRUCTURE,TREND_DOWN,ALIGNED_BEARISH,LIQUID,EXPANSION
2026-05-27 14:45:00+05:30,2026-05-29 15:25:00+05:30,1350.800048828125,1351.800048828125,1350.199951171875,1351.199951171875,156970,1358.8247300946227,2.360908590104739,0.11842049393668641,1222312.6947120216,,BEARISH_STRUCTURE,TREND_DOWN,ALIGNED_BEARISH,LIQUID,EXPANSION
2026-05-27 14:50:00+05:30,2026-05-29 15:25:00+05:30,1351.199951171875,1351.5999755859375,1349.0,1349.699951171875,457058,1358.6933936059756,2.3779848040927933,0.1926335985772301,2255588.4276308734,,BEARISH_STRUCTURE,TREND_DOWN,ALIGNED_BEARISH,LIQUID,EXPANSION
2026-05-27 14:55:00+05:30,2026-05-29 15:25:00+05:30,1349.800048828125,1350.5999755859375,1349.300048828125,1350.5,191653,1358.6397002943625,2.3009806579299155,0.09625522086727138,1803704.311521814,,BEARISH_STRUCTURE,TREND_DOWN,ALIGNED_BEARISH,LIQUID,EXPANSION
2026-05-27 15:00:00+05:30,2026-05-29 15:25:00+05:30,1350.300048828125,1350.9000244140625,1348.800048828125,1349.5999755859375,386381,1358.5288957133155,2.2866231527876,0.15559985358074582,2333220.662007422,,BEARISH_STRUCTURE,TREND_DOWN,ALIGNED_BEARISH,LIQUID,EXPANSION
2026-05-27 15:05:00+05:30,2026-05-29 15:25:00+05:30,1349.5,1350.0,1348.5999755859375,1349.699951171875,299563,1358.4416779464054,2.223294671450093,0.10372856669713375,2634017.1928637326,,BEARISH_STRUCTURE,TREND_DOWN,ALIGNED_BEARISH,LIQUID,EXPANSION
2026-05-27 15:10:00+05:30,2026-05-29 15:25:00+05:30,1349.800048828125,1352.199951171875,1349.199951171875,1350.699951171875,399776,1358.3438600567,2.2787736234893723,0.22210706363002256,1722377.5689879083,,BEARISH_STRUCTURE,TREND_DOWN,ALIGNED_BEARISH,LIQUID,EXPANSION
2026-05-27 15:15:00+05:30,2026-05-29 15:25:00+05:30,1350.5999755859375,1352.0,1350.0,1351.0999755859375,425055,1358.2469514173997,2.25886122181156,0.14802753579598366,2689752.756435774,,BEARISH_STRUCTURE,TREND_DOWN,ALIGNED_BEARISH,LIQUID,EXPANSION
2026-05-27 15:20:00+05:30,2026-05-29 15:25:00+05:30,1351.0999755859375,1351.800048828125,1351.0,1351.300048828125,181697,1358.2081840474257,2.1546603365482344,0.05920586096469239,2625456.825003573,,BEARISH_STRUCTURE,TREND_DOWN,ALIGNED_BEARISH,LIQUID,CONTRACTION
2026-05-27 15:25:00+05:30,2026-05-29 15:25:00+05:30,1351.300048828125,1354.0,1351.0,1352.9000244140625,217879,1358.1707697399336,2.2150417410805034,0.22174587522084585,940163.4432214545,,BEARISH_STRUCTURE,TREND_UP,ALIGNED_BEARISH,LIQUID,EXPANSION
2026-05-29 09:15:00+05:30,2026-05-29 15:25:00+05:30,1364.0,1368.5,1359.4000244140625,1359.5999755859375,0,1358.1707697399336,3.1711084442845747,0.6693127206048783,0.0,,BULLISH_STRUCTURE,TREND_UP,ALIGNED_BULLISH,ILLIQUID,EXPANSION
2026-05-29 09:20:00+05:30,2026-05-29 15:25:00+05:30,1359.9000244140625,1359.9000244140625,1351.5,1351.5,662014,1358.093415104973,3.5446024421258553,0.6215334379624491,1048264.3676570666,,BEARISH_STRUCTURE,TREND_DOWN,ALIGNED_BEARISH,ILLIQUID,EXPANSION
2026-05-29 09:25:00+05:30,2026-05-29 15:25:00+05:30,1351.5,1352.800048828125,1348.699951171875,1351.0,571768,1357.9702317288848,3.5842806717061517,0.30348613295706883,1823902.0482552005,,BEARISH_STRUCTURE,TREND_DOWN,ALIGNED_BEARISH,LIQUID,EXPANSION
2026-05-29 09:30:00+05:30,2026-05-29 15:25:00+05:30,1351.199951171875,1351.5,1349.199951171875,1350.800048828125,285664,1357.9074382853994,3.492549825736069,0.17027307854485108,1584618.193164811,,BEARISH_STRUCTURE,TREND_DOWN,ALIGNED_BEARISH,LIQUID,EXPANSION
2026-05-29 09:35:00+05:30,2026-05-29 15:25:00+05:30,1350.800048828125,1352.0999755859375,1350.5999755859375,1351.4000244140625,223247,1357.8647512252053,3.350224838183493,0.11099600213862414,1845077.4906118612,,BEARISH_STRUCTURE,TREND_DOWN,ALIGNED_BEARISH,LIQUID,EXPANSION
2026-05-29 09:40:00+05:30,2026-05-29 15:25:00+05:30,1351.4000244140625,1351.5,1348.5999755859375,1349.300048828125,201220,1357.8175888601997,3.318067665031994,0.2149280596692476,894597.1449533248,,BEARISH_STRUCTURE,TREND_DOWN,ALIGNED_BEARISH,LIQUID,EXPANSION
2026-05-29 09:45:00+05:30,2026-05-29 15:25:00+05:30,1349.4000244140625,1351.0999755859375,1349.0,1350.800048828125,117675,1357.791966833768,3.2310610879538157,0.1554616160814708,711192.1349907437,,BEARISH_STRUCTURE,TREND_DOWN,ALIGNED_BEARISH,LIQUID,EXPANSION
2026-05-29 09:50:00+05:30,2026-05-29 15:25:00+05:30,1350.699951171875,1351.5,1350.5999755859375,1351.0,150060,1357.7627191107645,3.0645584683901506,0.06661912761380459,1958518.7755774376,,BEARISH_STRUCTURE,TREND_DOWN,ALIGNED_BEARISH,LIQUID,EXPANSION
2026-05-29 09:55:00+05:30,2026-05-29 15:25:00+05:30,1350.699951171875,1351.0,1349.5999755859375,1350.4000244140625,127638,1357.7354729720453,2.9456631787953187,0.1036747918210361,1122834.6932092637,,BEARISH_STRUCTURE,TREND_DOWN,ALIGNED_BEARISH,LIQUID,EXPANSION
2026-05-29 10:00:00+05:30,2026-05-29 15:25:00+05:30,1350.4000244140625,1352.0,1349.199951171875,1352.0,152875,1357.7063084912313,2.935262153747439,0.20710420326368342,704154.9527916141,,BEARISH_STRUCTURE,TREND_UP,ALIGNED_BEARISH,LIQUID,EXPANSION
2026-05-29 10:05:00+05:30,2026-05-29 15:25:00+05:30,1352.0,1353.4000244140625,1351.800048828125,1352.5999755859375,203526,1357.6767506336273,2.839884541761015,0.11828889655601252,1586466.2138639411,,BEARISH_STRUCTURE,TREND_UP,ALIGNED_BEARISH,LIQUID,EXPANSION
2026-05-29 10:10:00+05:30,2026-05-29 15:25:00+05:30,1352.0999755859375,1353.300048828125,1349.800048828125,1350.0,841142,1357.5215338101393,2.8870356459209425,0.25925925925925924,3123911.1416781293,,BEARISH_STRUCTURE,TREND_DOWN,ALIGNED_BEARISH,LIQUID,EXPANSION
2026-05-29 10:15:00+05:30,2026-05-29 15:25:00+05:30,1350.0999755859375,1350.4000244140625,1347.5,1349.0,218830,1357.4698483992427,2.8879634150739113,0.21497586464510748,972682.1156802647,,BEARISH_STRUCTURE,TREND_DOWN,ALIGNED_BEARISH,LIQUID,EXPANSION
2026-05-29 10:20:00+05:30,2026-05-29 15:25:00+05:30,1349.199951171875,1349.9000244140625,1344.5,1345.5999755859375,481593,1357.3280916717613,3.067396343573096,0.4013097883500686,1170876.584123772,,BEARISH_STRUCTURE,TREND_DOWN,ALIGNED_BEARISH,LIQUID,EXPANSION
2026-05-29 10:25:00+05:30,2026-05-29 15:25:00+05:30,1345.9000244140625,1346.9000244140625,1344.699951171875,1345.0999755859375,373266,1357.2096795268114,3.005444693474125,0.16356206097090506,2150619.772039767,,BEARISH_STRUCTURE,TREND_DOWN,ALIGNED_BEARISH,LIQUID,EXPANSION
2026-05-29 10:30:00+05:30,2026-05-29 15:25:00+05:30,1345.0,1349.800048828125,1344.199951171875,1349.800048828125,206056,1357.1584085390166,3.190777047958116,0.4148834978270979,484970.5885349599,,BEARISH_STRUCTURE,TREND_DOWN,ALIGNED_BEARISH,LIQUID,EXPANSION
2026-05-29 10:35:00+05:30,2026-05-29 15:25:00+05:30,1349.800048828125,1349.800048828125,1347.5,1348.0999755859375,275054,1357.0947521166502,3.127153603684322,0.17061411392172957,1522882.0939165177,,BEARISH_STRUCTURE,TREND_DOWN,ALIGNED_BEARISH,LIQUID,EXPANSION
2026-05-29 10:40:00+05:30,2026-05-29 15:25:00+05:30,1347.5999755859375,1347.800048828125,1344.9000244140625,1345.199951171875,307558,1357.0043615847665,3.1323534299836564,0.21558314892415323,1363390.8448693957,,BEARISH_STRUCTURE,TREND_DOWN,ALIGNED_BEARISH,LIQUID,EXPANSION
2026-05-29 10:45:00+05:30,2026-05-29 15:25:00+05:30,1345.300048828125,1345.4000244140625,1344.4000244140625,1345.0,171220,1356.9500222269392,2.98004247069911,0.07434944237918216,2029888.9378580872,,BEARISH_STRUCTURE,TREND_DOWN,ALIGNED_BEARISH,LIQUID,CONTRACTION
2026-05-29 10:50:00+05:30,2026-05-29 15:25:00+05:30,1345.0,1345.199951171875,1341.199951171875,1341.800048828125,329451,1356.8279377209212,3.0528965799348877,0.2981070095722117,1069274.6018905027,,BEARISH_STRUCTURE,TREND_DOWN,ALIGNED_BEARISH,LIQUID,CONTRACTION
2026-05-29 10:55:00+05:30,2026-05-29 15:25:00+05:30,1342.199951171875,1343.0999755859375,1340.4000244140625,1342.199951171875,259643,1356.7275874951806,3.0276861936448958,0.20115864029928418,1229611.0622420984,,BEARISH_STRUCTURE,TREND_DOWN,ALIGNED_BEARISH,LIQUID,CONTRACTION
2026-05-29 11:00:00+05:30,2026-05-29 15:25:00+05:30,1342.199951171875,1342.9000244140625,1341.300048828125,1341.5999755859375,106467,1356.6869194235178,2.925706864522939,0.11925876677500073,823673.3388097838,,BEARISH_STRUCTURE,TREND_DOWN,ALIGNED_BEARISH,LIQUID,CONTRACTION
2026-05-29 11:05:00+05:30,2026-05-29 15:25:00+05:30,1341.5999755859375,1342.5,1341.5,1341.9000244140625,111329,1356.644728140216,2.7881563741998723,0.07452119992595183,1317172.497521737,,BEARISH_STRUCTURE,TREND_DOWN,ALIGNED_BEARISH,LIQUID,CONTRACTION
2026-05-29 11:10:00+05:30,2026-05-29 15:25:00+05:30,1341.9000244140625,1342.9000244140625,1341.5999755859375,1342.5,74411,1356.6173636536232,2.6818629780516674,0.09683790153631286,696485.0388296763,,BEARISH_STRUCTURE,TREND_DOWN,ALIGNED_BEARISH,LIQUID,CONTRACTION
2026-05-29 11:15:00+05:30,2026-05-29 15:25:00+05:30,1342.5,1344.199951171875,1342.199951171875,1342.9000244140625,116553,1356.5770004446335,2.6331584796194054,0.14893141437484486,733354.0726259819,,BEARISH_STRUCTURE,TREND_DOWN,ALIGNED_BEARISH,LIQUID,CONTRACTION
2026-05-29 11:20:00+05:30,2026-05-29 15:25:00+05:30,1342.9000244140625,1343.9000244140625,1342.5,1343.699951171875,92400,1356.5458023108993,2.5450774749367695,0.1041917440602348,809165.3276725513,,BEARISH_STRUCTURE,TREND_DOWN,ALIGNED_BEARISH,LIQUID,CONTRACTION
2026-05-29 11:25:00+05:30,2026-05-29 15:25:00+05:30,1343.5999755859375,1343.5999755859375,1339.5,1339.699951171875,295285,1356.4288548349073,2.663282739003786,0.3060368541740358,934337.233458829,,BEARISH_STRUCTURE,TREND_DOWN,ALIGNED_BEARISH,LIQUID,CONTRACTION
2026-05-29 11:30:00+05:30,2026-05-29 15:25:00+05:30,1339.699951171875,1340.5999755859375,1339.5999755859375,1340.0,103299,1356.3860908094075,2.544476829074944,0.0746268656716418,1220640.7407407407,,BEARISH_STRUCTURE,TREND_DOWN,ALIGNED_BEARISH,LIQUID,CONTRACTION
2026-05-29 11:35:00+05:30,2026-05-29 15:25:00+05:30,1339.9000244140625,1341.699951171875,1339.800048828125,1340.0,2357969,1355.4916955417182,2.498435794408877,0.14178375699626866,15535054.914064134,,BEARISH_STRUCTURE,TREND_DOWN,ALIGNED_BEARISH,LIQUID,CONTRACTION
2026-05-29 11:40:00+05:30,2026-05-29 15:25:00+05:30,1340.300048828125,1340.5999755859375,1338.0,1338.0,248758,1355.393533819991,2.5056886366609215,0.19431805575018685,1217503.7545587672,,BEARISH_STRUCTURE,TREND_DOWN,ALIGNED_BEARISH,LIQUID,CONTRACTION
2026-05-29 11:45:00+05:30,2026-05-29 15:25:00+05:30,1338.0999755859375,1339.5,1337.199951171875,1339.0999755859375,214759,1355.3083634739326,2.4910000789083555,0.17176079979529452,1181547.3976889914,,BEARISH_STRUCTURE,TREND_DOWN,ALIGNED_BEARISH,LIQUID,CONTRACTION
2026-05-29 11:50:00+05:30,2026-05-29 15:25:00+05:30,1339.0999755859375,1339.300048828125,1336.199951171875,1337.0999755859375,366895,1355.1556772060958,2.534507048718473,0.23185234558780768,1517020.6396315224,,BEARISH_STRUCTURE,TREND_DOWN,ALIGNED_BEARISH,LIQUID,CONTRACTION
2026-05-29 11:55:00+05:30,2026-05-29 15:25:00+05:30,1337.0999755859375,1337.0999755859375,1335.4000244140625,1336.800048828125,181118,1355.076621832287,2.474895914658225,0.1271657024074186,1320432.1256784105,,BEARISH_STRUCTURE,TREND_DOWN,ALIGNED_BEARISH,LIQUID,CONTRACTION
2026-05-29 12:00:00+05:30,2026-05-29 15:25:00+05:30,1336.199951171875,1336.699951171875,1335.9000244140625,1336.5999755859375,110263,1355.0287341881315,2.362405093187102,0.0598478806242555,1578616.258854816,,BEARISH_STRUCTURE,TREND_DOWN,ALIGNED_BEARISH,LIQUID,CONTRACTION
2026-05-29 12:05:00+05:30,2026-05-29 15:25:00+05:30,1336.5999755859375,1336.800048828125,1335.699951171875,1336.800048828125,131828,1354.9719040783666,2.272240276263023,0.08229335847304728,1428358.4667524928,,BEARISH_STRUCTURE,TREND_DOWN,ALIGNED_BEARISH,LIQUID,CONTRACTION
2026-05-29 12:10:00+05:30,2026-05-29 15:25:00+05:30,1336.800048828125,1336.800048828125,1335.199951171875,1335.5,164233,1354.8993126718854,2.224230089119236,0.11981262869711717,1265154.2584750631,,BEARISH_STRUCTURE,TREND_DOWN,ALIGNED_BEARISH,LIQUID,CONTRACTION
2026-05-29 12:15:00+05:30,2026-05-29 15:25:00+05:30,1335.5,1336.199951171875,1334.300048828125,1335.5999755859375,182421,1354.8173670902856,2.201063821592862,0.1422508519376469,1198160.7831968588,,BEARISH_STRUCTURE,TREND_DOWN,ALIGNED_BEARISH,LIQUID,CONTRACTION
2026-05-29 12:20:00+05:30,2026-05-29 15:25:00+05:30,1335.5999755859375,1336.0,1335.199951171875,1335.5,116217,1354.7660517989768,2.1009913220594436,0.05990631434855859,1662467.8483338796,,BEARISH_STRUCTURE,TREND_DOWN,ALIGNED_BEARISH,LIQUID,CONTRACTION
2026-05-29 12:25:00+05:30,2026-05-29 15:25:00+05:30,1335.9000244140625,1336.699951171875,1335.5,1336.5999755859375,156561,1354.6998583612253,2.0366313113319836,0.08977638738538556,1569118.7474575953,,BEARISH_STRUCTURE,TREND_DOWN,ALIGNED_BEARISH,LIQUID,CONTRACTION
2026-05-29 12:30:00+05:30,2026-05-29 15:25:00+05:30,1336.5999755859375,1336.5999755859375,1335.0,1335.300048828125,250044,1354.5915189414702,2.0054416166609492,0.1198214279510929,1926061.0821057837,,BEARISH_STRUCTURE,TREND_DOWN,ALIGNED_BEARISH,LIQUID,CONTRACTION
2026-05-29 12:35:00+05:30,2026-05-29 15:25:00+05:30,1335.300048828125,1336.0,1335.199951171875,1335.800048828125,112797,1354.5431332493517,1.9193421317655244,0.05989285812849531,1613855.8791318433,,BEARISH_STRUCTURE,TREND_DOWN,ALIGNED_BEARISH,LIQUID,CONTRACTION
2026-05-29 12:40:00+05:30,2026-05-29 15:25:00+05:30,1335.9000244140625,1335.9000244140625,1335.0999755859375,1335.5,137326,1354.4840412954236,1.8393926100769156,0.05990631434855859,1964429.1260340428,,BEARISH_STRUCTURE,TREND_DOWN,ALIGNED_BEARISH,LIQUID,CONTRACTION
2026-05-29 12:45:00+05:30,2026-05-29 15:25:00+05:30,1335.5999755859375,1336.699951171875,1335.5,1336.300048828125,145121,1354.4241713507026,1.7937182216339216,0.08979653730667024,1454168.6907838269,,BEARISH_STRUCTURE,TREND_DOWN,ALIGNED_BEARISH,LIQUID,CONTRACTION
2026-05-29 12:50:00+05:30,2026-05-29 15:25:00+05:30,1336.300048828125,1336.699951171875,1335.800048828125,1336.199951171875,123269,1354.3738075767387,1.7298742303564987,0.0673478803049474,1593695.9036757902,,BEARISH_STRUCTURE,TREND_DOWN,ALIGNED_BEARISH,LIQUID,CONTRACTION
2026-05-29 12:55:00+05:30,2026-05-29 15:25:00+05:30,1336.0,1336.4000244140625,1334.800048828125,1335.800048828125,125116,1354.3213857782928,1.7205957557551417,0.11977657788986697,964087.6807999816,,BEARISH_STRUCTURE,TREND_DOWN,ALIGNED_BEARISH,LIQUID,CONTRACTION
2026-05-29 13:00:00+05:30,2026-05-29 15:25:00+05:30,1335.800048828125,1335.800048828125,1334.699951171875,1334.9000244140625,123572,1354.2684263776573,1.676274462933346,0.08241049038356817,1337207.491131037,,BEARISH_STRUCTURE,TREND_DOWN,ALIGNED_BEARISH,LIQUID,CONTRACTION
2026-05-29 13:05:00+05:30,2026-05-29 15:25:00+05:30,1335.0,1335.0999755859375,1334.0999755859375,1334.0999755859375,119630,1354.2155686759293,1.6279691441523927,0.07495690115433812,1408125.748168151,,BEARISH_STRUCTURE,TREND_DOWN,ALIGNED_BEARISH,LIQUID,CONTRACTION
2026-05-29 13:10:00+05:30,2026-05-29 15:25:00+05:30,1334.0,1334.5,1331.0,1331.699951171875,1805249,1353.3722049082617,1.7616856338557934,0.26282196653383183,6616948.858390904,,BEARISH_STRUCTURE,TREND_DOWN,ALIGNED_BEARISH,LIQUID,CONTRACTION
2026-05-29 13:15:00+05:30,2026-05-29 15:25:00+05:30,1331.699951171875,1333.5,1331.4000244140625,1333.4000244140625,114031,1353.3220101587785,1.7858492018616294,0.15749029154700178,680821.5505911886,,BEARISH_STRUCTURE,TREND_DOWN,ALIGNED_BEARISH,LIQUID,CONTRACTION
2026-05-29 13:20:00+05:30,2026-05-29 15:25:00+05:30,1333.4000244140625,1334.0,1330.0999755859375,1330.5,307354,1353.1798822266458,1.9368617170188345,0.29312472108699733,1013952.2731693956,,BEARISH_STRUCTURE,TREND_DOWN,ALIGNED_BEARISH,LIQUID,CONTRACTION
2026-05-29 13:25:00+05:30,2026-05-29 15:25:00+05:30,1330.699951171875,1330.699951171875,1329.0,1329.4000244140625,213238,1353.074100850273,1.9199395352228463,0.1278735625587384,1546619.9323684988,,BEARISH_STRUCTURE,TREND_DOWN,ALIGNED_BEARISH,LIQUID,CONTRACTION
2026-05-29 13:30:00+05:30,2026-05-29 15:25:00+05:30,1329.300048828125,1330.199951171875,1329.0999755859375,1330.0999755859375,151247,1352.9999658535912,1.8613706817024644,0.08269871484306562,1631597.5928690464,,BEARISH_STRUCTURE,TREND_DOWN,ALIGNED_BEARISH,LIQUID,CONTRACTION
2026-05-29 13:35:00+05:30,2026-05-29 15:25:00+05:30,1330.0999755859375,1330.800048828125,1329.199951171875,1329.699951171875,152925,1352.9258080837412,1.8427083227415741,0.1203352421604454,1173320.4117712548,,BEARISH_STRUCTURE,TREND_DOWN,ALIGNED_BEARISH,LIQUID,CONTRACTION
2026-05-29 13:40:00+05:30,2026-05-29 15:25:00+05:30,1329.699951171875,1332.5,1329.5999755859375,1332.4000244140625,174373,1352.847663995979,1.918230900693069,0.2176541849988195,765955.6093858068,,BEARISH_STRUCTURE,TREND_DOWN,ALIGNED_BEARISH,LIQUID,EXPANSION
2026-05-29 13:45:00+05:30,2026-05-29 15:25:00+05:30,1332.300048828125,1332.5999755859375,1330.800048828125,1330.800048828125,249534,1352.7363042828606,1.9097806047730284,0.13525147969429954,1717944.633164333,,BEARISH_STRUCTURE,TREND_DOWN,ALIGNED_BEARISH,LIQUID,EXPANSION
2026-05-29 13:50:00+05:30,2026-05-29 15:25:00+05:30,1330.800048828125,1331.0999755859375,1326.300048828125,1328.9000244140625,467728,1352.5052749111421,2.116219615704419,0.36119547517721506,1260058.463203784,,BEARISH_STRUCTURE,TREND_DOWN,ALIGNED_BEARISH,LIQUID,EXPANSION
2026-05-29 13:55:00+05:30,2026-05-29 15:25:00+05:30,1329.199951171875,1330.199951171875,1328.5,1330.199951171875,130266,1352.4440422499285,2.0864861554308893,0.1277966647328007,945349.4411682364,,BEARISH_STRUCTURE,TREND_DOWN,ALIGNED_BEARISH,LIQUID,EXPANSION
2026-05-29 14:00:00+05:30,2026-05-29 15:25:00+05:30,1330.0999755859375,1330.4000244140625,1328.300048828125,1328.5,140323,1352.3768186266748,2.087449686181362,0.15807117696179904,834902.2273574847,,BEARISH_STRUCTURE,TREND_DOWN,ALIGNED_BEARISH,LIQUID,EXPANSION
2026-05-29 14:05:00+05:30,2026-05-29 15:25:00+05:30,1328.5,1328.5,1327.699951171875,1328.300048828125,94736,1352.329908349792,1.9954924820344788,0.0602310320496361,1348919.377021897,,BEARISH_STRUCTURE,TREND_DOWN,ALIGNED_BEARISH,LIQUID,EXPANSION
2026-05-29 14:10:00+05:30,2026-05-29 15:25:00+05:30,1328.300048828125,1329.4000244140625,1328.300048828125,1329.0999755859375,103812,1352.2803366469718,1.9315269894561231,0.0827609364338881,1119134.8857715353,,BEARISH_STRUCTURE,TREND_DOWN,ALIGNED_BEARISH,LIQUID,EXPANSION
2026-05-29 14:15:00+05:30,2026-05-29 15:25:00+05:30,1329.0,1329.199951171875,1327.800048828125,1327.800048828125,123533,1352.2199442959648,1.8935538004771144,0.10543020728049454,1070196.466855645,,BEARISH_STRUCTURE,TREND_DOWN,ALIGNED_BEARISH,LIQUID,EXPANSION
2026-05-29 14:20:00+05:30,2026-05-29 15:25:00+05:30,1327.800048828125,1328.800048828125,1327.4000244140625,1328.0999755859375,161551,1352.1408763682864,1.8583017014474992,0.10541558917240629,1399732.9230688,,BEARISH_STRUCTURE,TREND_DOWN,ALIGNED_BEARISH,LIQUID,CONTRACTION
2026-05-29 14:25:00+05:30,2026-05-29 15:25:00+05:30,1328.0999755859375,1330.699951171875,1328.0999755859375,1330.4000244140625,210001,1352.0457975195868,1.9112784074824993,0.19542810720276307,1022260.3073138543,,BEARISH_STRUCTURE,TREND_DOWN,ALIGNED_BEARISH,LIQUID,EXPANSION
2026-05-29 14:30:00+05:30,2026-05-29 15:25:00+05:30,1330.199951171875,1330.9000244140625,1330.0,1330.300048828125,94637,1352.0044858823817,1.8390459793810707,0.0676557453978402,1218673.51237391,,BEARISH_STRUCTURE,TREND_DOWN,ALIGNED_BEARISH,LIQUID,CONTRACTION
2026-05-29 14:35:00+05:30,2026-05-29 15:25:00+05:30,1330.300048828125,1331.0999755859375,1330.0999755859375,1330.5,101250,1351.9608012760375,1.7791141237109942,0.0751597143930853,1188942.456202286,,BEARISH_STRUCTURE,TREND_DOWN,ALIGNED_BEARISH,LIQUID,CONTRACTION
2026-05-29 14:40:00+05:30,2026-05-29 15:25:00+05:30,1330.4000244140625,1331.5,1330.4000244140625,1330.800048828125,104860,1351.916448466372,1.7306042281557446,0.08265521081894427,1131722.6421825846,,BEARISH_STRUCTURE,TREND_DOWN,ALIGNED_BEARISH,LIQUID,CONTRACTION
2026-05-29 14:45:00+05:30,2026-05-29 15:25:00+05:30,1330.699951171875,1331.0,1330.300048828125,1330.300048828125,96648,1351.8750239044489,1.6569861527071201,0.05261603744896456,1543502.334825536,,BEARISH_STRUCTURE,TREND_DOWN,ALIGNED_BEARISH,LIQUID,CONTRACTION
2026-05-29 14:50:00+05:30,2026-05-29 15:25:00+05:30,1330.199951171875,1330.300048828125,1327.9000244140625,1328.800048828125,354547,1351.7136052028889,1.7100603142325046,0.18061591856345074,1860007.2998729176,,BEARISH_STRUCTURE,TREND_DOWN,ALIGNED_BEARISH,LIQUID,CONTRACTION
2026-05-29 14:55:00+05:30,2026-05-29 15:25:00+05:30,1328.800048828125,1328.800048828125,1326.699951171875,1327.5,261932,1351.588892870294,1.7379201243766116,0.1581994467984934,1557270.282308361,,BEARISH_STRUCTURE,TREND_DOWN,ALIGNED_BEARISH,LIQUID,CONTRACTION
2026-05-29 15:00:00+05:30,2026-05-29 15:25:00+05:30,1327.5,1328.5,1323.0,1324.800048828125,4204323,1349.5789012132263,2.006640115492568,0.41515698952948565,9888871.883896008,,BEARISH_STRUCTURE,TREND_DOWN,ALIGNED_BEARISH,LIQUID,EXPANSION
2026-05-29 15:05:00+05:30,2026-05-29 15:25:00+05:30,1324.800048828125,1324.800048828125,1319.199951171875,1319.199951171875,3748801,1347.7504850006467,2.2633156541180988,0.42450711518563256,8627709.119097892,,BEARISH_STRUCTURE,TREND_DOWN,ALIGNED_BEARISH,LIQUID,EXPANSION
2026-05-29 15:10:00+05:30,2026-05-29 15:25:00+05:30,1319.199951171875,1322.699951171875,1318.800048828125,1319.5999755859375,4102253,1345.9548687589415,2.3802147033775203,0.29553670929846293,13426383.394057969,,BEARISH_STRUCTURE,TREND_DOWN,ALIGNED_BEARISH,LIQUID,EXPANSION
2026-05-29 15:15:00+05:30,2026-05-29 15:25:00+05:30,1319.699951171875,1322.0999755859375,1319.4000244140625,1320.0999755859375,3514568,1344.6026917096658,2.4030530225559117,0.20452626481389063,16382926.365911493,,BEARISH_STRUCTURE,TREND_DOWN,ALIGNED_BEARISH,LIQUID,EXPANSION
2026-05-29 15:20:00+05:30,2026-05-29 15:25:00+05:30,1320.0999755859375,1321.9000244140625,1318.0,1321.199951171875,4083099,1343.192199529132,2.509979550520668,0.29518805314844776,13378960.800978415,,BEARISH_STRUCTURE,TREND_DOWN,ALIGNED_BEARISH,LIQUID,EXPANSION
2026-05-29 15:25:00+05:30,2026-05-29 15:25:00+05:30,1321.199951171875,1323.5999755859375,1317.199951171875,1321.9000244140625,3425576,1342.1544260769215,2.7878398979165135,0.48415343791973503,6932211.206342783,,BEARISH_STRUCTURE,TREND_DOWN,ALIGNED_BEARISH,LIQUID,EXPANSION
