Timestamp,Entry type,Breakout level,Retest zone,Entry price,Stop loss,Target 1,Target 2,Reason codes
2026-05-29 15:25:00+05:30,limit,,False,1364.5999755859375,,,,False
2026-05-29 15:25:00+05:30,limit,,False,1364.5999755859375,,,,False
2026-05-29 15:25:00+05:30,limit,,False,1360.5999755859375,,,,False
2026-05-29 15:25:00+05:30,limit,,False,1360.5999755859375,,,,False
2026-05-29 15:25:00+05:30,limit,,False,1359.5999755859375,,,,False
2026-05-29 15:25:00+05:30,limit,,False,1359.4000244140625,,,,False
2026-05-29 15:25:00+05:30,limit,,False,1360.5,,,,False
2026-05-29 15:25:00+05:30,limit,,False,1361.9000244140625,,,,False
2026-05-29 15:25:00+05:30,limit,,False,1360.0999755859375,,,,False
2026-05-29 15:25:00+05:30,limit,,False,1360.699951171875,,,,False
2026-05-29 15:25:00+05:30,limit,,False,1361.300048828125,,,,False
2026-05-29 15:25:00+05:30,limit,,False,1362.0999755859375,,,,False
2026-05-29 15:25:00+05:30,limit,,False,1363.0999755859375,,,,False
2026-05-29 15:25:00+05:30,limit,,False,1363.300048828125,1360.4372000558035,1367.5943219866072,1370.457170758929,False
2026-05-29 15:25:00+05:30,limit,,False,1361.0,1358.1016362404337,1365.3475456393494,1368.245909398916,False
2026-05-29 15:25:00+05:30,limit,,False,1360.4000244140625,1357.5372580658939,1364.6941739363156,1367.556940284484,False
2026-05-29 15:25:00+05:30,limit,,False,1362.0999755859375,1359.2274068340666,1366.4088287137438,1369.2813974656146,False
2026-05-29 15:25:00+05:30,limit,,False,1362.0,1359.2469004446912,1366.1296493329633,1368.882748888272,False
2026-05-29 15:25:00+05:30,limit,,False,1360.800048828125,1358.1064584765436,1364.840434355497,1367.5340247070785,False
2026-05-29 15:25:00+05:30,limit,,False,1361.5,1358.8702375306746,1365.4446437039883,1368.0744061733135,False
2026-05-29 15:25:00+05:30,limit,1370.9000244140625,False,1361.300048828125,1358.7466937784834,1365.1300814025874,1367.683436452229,False
2026-05-29 15:25:00+05:30,limit,1367.0,False,1361.9000244140625,1359.4261989103775,1365.61076266959,1368.084588173275,False
2026-05-29 15:25:00+05:30,limit,1365.0,False,1361.5999755859375,1359.157131340328,1365.2642419543517,1367.707086199961,False
2026-05-29 15:25:00+05:30,limit,1364.4000244140625,False,1362.0999755859375,1359.703048786443,1365.695365785179,1368.0922925846735,False
2026-05-29 15:25:00+05:30,limit,1364.4000244140625,False,1361.0999755859375,1358.7285372799338,1364.657133044943,1367.0285713509468,False
2026-05-29 15:25:00+05:30,limit,1364.4000244140625,False,1361.9000244140625,1359.5694031299163,1365.3959563402818,1367.726577624428,False
2026-05-29 15:25:00+05:30,limit,1364.4000244140625,False,1360.699951171875,1358.3129477863731,1364.2804562501278,1366.6674596356297,False
2026-05-29 15:25:00+05:30,limit,1364.4000244140625,False,1358.300048828125,1355.877839769266,1361.9333624164133,1364.3555714752724,False
2026-05-29 15:25:00+05:30,limit,1364.4000244140625,False,1359.199951171875,1356.8478936250328,1362.7280374921384,1365.0800950389803,False
2026-05-29 15:25:00+05:30,limit,1364.4000244140625,False,1359.300048828125,1357.0302811060571,1362.704700411227,1364.9744681332945,False
2026-05-29 15:25:00+05:30,limit,1364.4000244140625,False,1359.9000244140625,1357.71523800808,1363.1772040230362,1365.361990429019,False
2026-05-29 15:25:00+05:30,limit,1364.4000244140625,False,1360.300048828125,1358.159885837302,1363.5102933143594,1365.6504563051826,False
2026-05-29 15:25:00+05:30,limit,1364.4000244140625,False,1359.4000244140625,1357.3355852585214,1362.4966831473741,1364.5611223029152,False
2026-05-29 15:25:00+05:30,limit,1364.4000244140625,False,1359.699951171875,1357.637261855569,1362.7939851463339,1364.85667446264,False
2026-05-29 15:25:00+05:30,limit,1363.300048828125,False,1360.4000244140625,1358.3303906125373,1363.5044751163505,1365.5741089178755,False
2026-05-29 15:25:00+05:30,limit,1362.800048828125,False,1360.699951171875,1358.7095832055033,1363.6855031214325,1365.6758710878041,False
2026-05-29 15:25:00+05:30,limit,1362.800048828125,False,1360.5,1358.5660868883692,1363.4008696674462,1365.334782779077,False
2026-05-29 15:25:00+05:30,limit,1362.800048828125,False,1361.199951171875,1359.2756032825034,1364.0864730059325,1366.0108208953038,False
2026-05-29 15:25:00+05:30,limit,1362.800048828125,False,1360.9000244140625,1359.0359849955837,1363.6960835417808,1365.5601229602594,False
2026-05-29 15:25:00+05:30,limit,1362.800048828125,False,1361.5,1359.717679775475,1364.1734803367874,1365.9558005613123,False
2026-05-29 15:25:00+05:30,limit,1362.800048828125,False,1359.699951171875,1357.8735109633874,1362.4396114846063,1364.2660516930941,False
2026-05-29 15:25:00+05:30,limit,1362.800048828125,False,1359.5999755859375,1357.8182811066276,1362.2725173049023,1364.0542117842122,False
2026-05-29 15:25:00+05:30,limit,1362.800048828125,False,1358.4000244140625,1356.5398774477837,1361.1902448634805,1363.0503918297595,False
2026-05-29 15:25:00+05:30,limit,1362.4000244140625,False,1360.0,1358.1012921027411,1362.8480618458884,1364.746769743147,False
2026-05-29 15:25:00+05:30,limit,1362.4000244140625,False,1359.800048828125,1357.9512486378133,1362.5732491135927,1364.4220493039043,False
2026-05-29 15:25:00+05:30,limit,1362.0,False,1360.0,1358.0775510509604,1362.8836734235592,1364.806122372599,False
2026-05-29 15:25:00+05:30,limit,1362.0,True,1363.800048828125,1361.6806298542401,1366.9791772889523,1369.0985962628372,True
2026-05-29 15:25:00+05:30,limit,1363.800048828125,True,1363.9000244140625,1361.8034210811693,1367.0449294134023,1369.1415327462955,True
2026-05-29 15:25:00+05:30,limit,1364.0,True,1365.0999755859375,1362.9902703984742,1368.2645333671326,1370.3742385545956,True
2026-05-29 15:25:00+05:30,limit,1365.5,False,1364.800048828125,1362.7381839107484,1367.89284620419,1369.9547111215666,False
2026-05-29 15:25:00+05:30,limit,1365.5,False,1364.5,1362.533974206186,1367.449038690721,1369.415064484535,False
2026-05-29 15:25:00+05:30,limit,1365.5,False,1365.300048828125,1363.371590027396,1368.1927370292185,1370.1211958299475,False
2026-05-29 15:25:00+05:30,limit,1365.5,False,1364.0,1362.0978554997694,1366.8532167503458,1368.7553612505767,False
2026-05-29 15:25:00+05:30,limit,1365.5,False,1362.699951171875,1360.8136720433126,1365.5293698647185,1367.415648993281,False
2026-05-29 15:25:00+05:30,limit,1365.5,False,1363.5999755859375,1361.7369979241475,1366.3944420786224,1368.2574197404124,False
2026-05-29 15:25:00+05:30,limit,1365.5,False,1363.0,1361.1672392136056,1365.7491411795916,1367.581901965986,False
2026-05-29 15:25:00+05:30,limit,1365.5,False,1363.0,1361.212436412634,1365.6813453810491,1367.4689089684152,False
2026-05-29 15:25:00+05:30,limit,1365.5,False,1364.300048828125,1362.5030275896333,1366.9955806858625,1368.7926019243541,False
2026-05-29 15:25:00+05:30,limit,1365.5,False,1363.5999755859375,1361.8541680575613,1366.2186868785018,1367.964494406878,False
2026-05-29 15:25:00+05:30,limit,1365.5,False,1363.0999755859375,1361.4188727805702,1365.6216297939886,1367.3027325993557,False
2026-05-29 15:25:00+05:30,limit,1365.5,False,1363.0,1361.4046986226947,1365.392952065958,1366.9882534432631,False
2026-05-29 15:25:00+05:30,limit,1365.5,False,1363.5999755859375,1362.0329100212969,1365.9505739328984,1367.5176394975392,False
2026-05-29 15:25:00+05:30,limit,1365.5,False,1364.5,1362.93343493328,1366.84984760008,1368.4164126667997,False
2026-05-29 15:25:00+05:30,limit,1365.5,False,1363.199951171875,1361.5567059034477,1365.664819074516,1367.3080643429435,False
2026-05-29 15:25:00+05:30,limit,1365.5,False,1365.0,1363.2941210230674,1367.5588184653989,1369.2646974423315,False
2026-05-29 15:25:00+05:30,limit,1365.5,False,1365.0,1363.3816817145,1367.4274774282499,1369.04579571375,False
2026-05-29 15:25:00+05:30,limit,1365.5,True,1366.0,1364.291559499402,1368.562660750897,1370.271101251495,False
2026-05-29 15:25:00+05:30,limit,1367.4000244140625,True,1367.0,1365.2678808632838,1369.5981787050741,1371.3302978417905,False
2026-05-29 15:25:00+05:30,limit,1367.5,False,1366.5999755859375,1364.914444758094,1369.1282718277025,1370.8138026555462,False
2026-05-29 15:25:00+05:30,limit,1367.5,True,1367.9000244140625,1366.1891680817346,1370.4663089125543,1372.1771652448824,True
2026-05-29 15:25:00+05:30,limit,1367.9000244140625,True,1367.300048828125,1365.591394426901,1369.863030429961,1371.5716848311852,False
2026-05-29 15:25:00+05:30,limit,1367.9000244140625,True,1368.699951171875,1366.984772085024,1371.2727198021516,1372.9878988890027,True
2026-05-29 15:25:00+05:30,limit,1368.699951171875,True,1366.4000244140625,1364.6016417407811,1369.0975984239844,1370.895981097266,False
2026-05-29 15:25:00+05:30,limit,1368.800048828125,False,1366.4000244140625,1364.6272446884263,1369.0591940025167,1370.831973728153,False
2026-05-29 15:25:00+05:30,limit,1368.800048828125,False,1366.5,1364.7509944400342,1369.1235083399488,1370.8725138999143,False
2026-05-29 15:25:00+05:30,limit,1368.800048828125,False,1361.9000244140625,1359.5216579231121,1365.467574150488,1367.8459406414386,False
2026-05-29 15:25:00+05:30,limit,1368.800048828125,False,1362.0,1359.5258046367514,1365.711293044873,1368.1854884081213,False
2026-05-29 15:25:00+05:30,limit,1368.800048828125,False,1361.800048828125,1359.356871604662,1365.4648146633194,1367.9079918867824,False
2026-05-29 15:25:00+05:30,limit,1368.800048828125,False,1363.0,1360.5599068639274,1366.660139704109,1369.1002328401814,False
2026-05-29 15:25:00+05:30,limit,1368.800048828125,False,1362.5999755859375,1360.171315581236,1366.2429655929895,1368.6716255976912,False
2026-05-29 15:25:00+05:30,limit,1368.800048828125,False,1362.0,1359.6162442813486,1365.575633577977,1367.9593892966286,False
2026-05-29 15:25:00+05:30,limit,1368.800048828125,False,1362.5,1360.1836595893774,1365.974510615934,1368.2908510265565,False
2026-05-29 15:25:00+05:30,limit,1368.800048828125,False,1363.5,1361.2291103832165,1366.9063344251754,1369.1772240419587,False
2026-05-29 15:25:00+05:30,limit,1368.800048828125,False,1365.0,1362.6256045913349,1368.5615931129978,1370.9359885216627,False
2026-05-29 15:25:00+05:30,limit,1368.800048828125,False,1365.300048828125,1362.9581123269984,1368.8129535798148,1371.1548900809416,False
2026-05-29 15:25:00+05:30,limit,1368.800048828125,False,1366.4000244140625,1363.993944705427,1370.0091439770156,1372.415223685651,False
2026-05-29 15:25:00+05:30,limit,1368.800048828125,False,1365.9000244140625,1363.5115176422048,1369.4827845718492,1371.8712913437066,False
2026-05-29 15:25:00+05:30,limit,1368.800048828125,False,1366.5,1364.0763844763553,1370.135423285467,1372.5590388091118,False
2026-05-29 15:25:00+05:30,limit,1368.800048828125,False,1367.0,1364.6123486432227,1370.5814770351658,1372.9691283919433,False
2026-05-29 15:25:00+05:30,limit,1368.800048828125,False,1366.5999755859375,1364.2628686620103,1370.1056359718282,1372.4427428957556,False
2026-05-29 15:25:00+05:30,limit,1368.800048828125,False,1367.300048828125,1365.0355944913981,1370.6967303332153,1372.9611846699422,False
2026-05-29 15:25:00+05:30,limit,1368.800048828125,False,1368.0,1365.7858596449144,1371.3212105326284,1373.5353508877142,False
2026-05-29 15:25:00+05:30,limit,1368.800048828125,False,1366.300048828125,1364.0726327841169,1369.641172894137,1371.8685889381454,False
2026-05-29 15:25:00+05:30,limit,1368.5,False,1363.5,1361.1916809167246,1366.962478624913,1369.2707977081884,False
2026-05-29 15:25:00+05:30,limit,1368.5,False,1364.699951171875,1362.4108019226728,1368.1336750456783,1370.4228242948805,False
2026-05-29 15:25:00+05:30,limit,1368.5,False,1363.5,1361.237220646946,1366.894169029581,1369.1569483826347,False
2026-05-29 15:25:00+05:30,limit,1368.5,False,1362.699951171875,1360.4616476877893,1366.0574063980034,1368.2957098820893,False
2026-05-29 15:25:00+05:30,limit,1368.5,False,1362.9000244140625,1360.710166993572,1366.184810544798,1368.3746679652886,False
2026-05-29 15:25:00+05:30,limit,1368.5,False,1362.199951171875,1360.055079381866,1365.4172588568883,1367.5621306468972,False
2026-05-29 15:25:00+05:30,limit,1368.5,False,1362.4000244140625,1360.3055047943221,1365.541803843673,1367.6363234634134,False
2026-05-29 15:25:00+05:30,limit,1368.5,False,1361.199951171875,1359.1093195327858,1364.3358986305088,1366.426530269598,False
2026-05-29 15:25:00+05:30,limit,1368.5,False,1361.300048828125,1359.25589506281,1364.3662794760976,1366.4104332414126,False
2026-05-29 15:25:00+05:30,limit,1368.5,False,1361.4000244140625,1359.356171531538,1364.4658037378495,1366.5096566203738,False
2026-05-29 15:25:00+05:30,limit,1368.5,False,1362.5,1360.4821345164503,1365.5267982253245,1367.5446637088744,False
2026-05-29 15:25:00+05:30,limit,1368.5,False,1361.5999755859375,1359.5462349806771,1364.680586493828,1366.7343270990884,False
2026-05-29 15:25:00+05:30,limit,1368.5,False,1361.9000244140625,1359.8901266087314,1364.9148711220591,1366.9247689273902,False
2026-05-29 15:25:00+05:30,limit,1368.5,False,1362.800048828125,1360.7794252521926,1365.8309841920236,1367.851607767956,False
2026-05-29 15:25:00+05:30,limit,1368.5,False,1362.5,1360.4265596370806,1365.6101605443791,1367.6836009072986,False
2026-05-29 15:25:00+05:30,limit,1368.5,False,1362.300048828125,1360.2290012478247,1365.4066201985754,1367.4776677788757,False
2026-05-29 15:25:00+05:30,limit,1368.5,False,1362.5999755859375,1360.5654272189622,1365.6517981364004,1367.6863465033757,False
2026-05-29 15:25:00+05:30,limit,1368.5,False,1362.0,1360.007923558791,1364.9881146618136,1366.9801911030227,False
2026-05-29 15:25:00+05:30,limit,1368.5,False,1362.0,1360.0387819764665,1364.9418270353003,1366.9030450588339,False
2026-05-29 15:25:00+05:30,limit,1368.0,False,1362.0999755859375,1360.1845504792636,1364.9731132459483,1366.8885383526222,False
2026-05-29 15:25:00+05:30,limit,1366.300048828125,False,1360.4000244140625,1358.4414174790707,1363.3379348165504,1365.296541751542,False
2026-05-29 15:25:00+05:30,limit,1365.199951171875,False,1360.800048828125,1358.8356322880434,1363.7466736382476,1365.711090178329,False
2026-05-29 15:25:00+05:30,limit,1364.9000244140625,False,1360.9000244140625,1358.964490584433,1363.8033251585068,1365.7388589881364,False
2026-05-29 15:25:00+05:30,limit,1364.0,False,1359.199951171875,1357.188384044362,1362.2173018631445,1364.2288689906575,False
2026-05-29 15:25:00+05:30,limit,1364.0,False,1356.5999755859375,1354.406383816863,1359.8903632395495,1362.083955008624,False
2026-05-29 15:25:00+05:30,limit,1364.0,False,1359.0,1356.6030975425558,1362.5953536861662,1364.9922561436106,False
2026-05-29 15:25:00+05:30,limit,1364.0,False,1360.800048828125,1358.3857759825964,1364.4214580964178,1366.8357309419464,False
2026-05-29 15:25:00+05:30,limit,1364.0,False,1358.5,1356.052458836518,1362.1713117452227,1364.6188529087049,False
2026-05-29 15:25:00+05:30,limit,1364.0,False,1360.5,1357.9872790200704,1364.2690814698944,1366.7818024498238,False
2026-05-29 15:25:00+05:30,limit,1364.0,False,1361.4000244140625,1358.9296322764492,1365.1056126204826,1367.5760047580957,False
2026-05-29 15:25:00+05:30,limit,1364.0,False,1362.199951171875,1359.7774441869485,1365.8337116492648,1368.256218634191,False
2026-05-29 15:25:00+05:30,limit,1364.0,False,1359.0999755859375,1356.5247863432378,1362.962759449987,1365.5379486926868,False
2026-05-29 15:25:00+05:30,limit,1364.0,False,1362.300048828125,1359.5830832032075,1366.3754972655013,1369.0924628904188,False
2026-05-29 15:25:00+05:30,limit,1364.0,False,1362.0,1359.2456684989604,1366.1314972515593,1368.885828752599,False
2026-05-29 15:25:00+05:30,limit,1364.0,False,1361.199951171875,1358.5052168706866,1365.2420526236576,1367.936786924846,False
2026-05-29 15:25:00+05:30,limit,1363.4000244140625,False,1360.199951171875,1357.551977328584,1364.1719119368117,1366.8198857801026,False
2026-05-29 15:25:00+05:30,limit,1363.4000244140625,False,1359.5999755859375,1356.961144824087,1363.5582217287133,1366.1970524905641,False
2026-05-29 15:25:00+05:30,limit,1363.4000244140625,False,1358.800048828125,1356.1182711285048,1362.8227153775551,1365.5044930771755,False
2026-05-29 15:25:00+05:30,limit,1363.4000244140625,False,1358.0,1355.3640572867366,1361.953914069895,1364.5898567831584,False
2026-05-29 15:25:00+05:30,limit,1363.4000244140625,False,1357.199951171875,1354.5722817104518,1361.1414553640097,1363.7691248254332,False
2026-05-29 15:25:00+05:30,limit,1363.4000244140625,False,1357.0,1354.3714435079196,1360.9428347381206,1363.571391230201,False
2026-05-29 15:25:00+05:30,limit,1363.4000244140625,False,1356.199951171875,1353.596289479452,1360.1054437105095,1362.7091054029324,False
2026-05-29 15:25:00+05:30,limit,1363.4000244140625,False,1357.5,1354.919454907259,1361.3708176391115,1363.9513627318524,False
2026-05-29 15:25:00+05:30,limit,1363.4000244140625,False,1358.5999755859375,1356.1094715210263,1362.3357316833044,1364.8262357482154,False
2026-05-29 15:25:00+05:30,limit,1363.4000244140625,False,1357.9000244140625,1355.330270639502,1361.7546550759032,1364.3244088504637,False
2026-05-29 15:25:00+05:30,limit,1363.4000244140625,False,1357.300048828125,1354.8281346088902,1361.0079201569772,1363.479834376212,False
2026-05-29 15:25:00+05:30,limit,1363.4000244140625,False,1355.0,1352.3875124102642,1358.9187313846037,1361.5312189743395,False
2026-05-29 15:25:00+05:30,limit,1363.4000244140625,False,1355.4000244140625,1352.8541409881025,1359.2188495530027,1361.7647329789625,False
2026-05-29 15:25:00+05:30,limit,1363.4000244140625,False,1354.9000244140625,1352.4331368466533,1358.6003557651763,1361.0672433325856,False
2026-05-29 15:25:00+05:30,limit,1363.4000244140625,False,1354.800048828125,1352.4065145579414,1358.3903502334006,1360.783884503584,False
2026-05-29 15:25:00+05:30,limit,1363.4000244140625,False,1355.300048828125,1352.8974833841598,1358.9038969940727,1361.306462438038,False
2026-05-29 15:25:00+05:30,limit,1363.4000244140625,False,1355.5999755859375,1353.0518728243537,1359.4221297283132,1361.970232489897,False
2026-05-29 15:25:00+05:30,limit,1363.4000244140625,False,1360.0,1357.0339045785295,1364.4491431322058,1367.4152385536763,False
2026-05-29 15:25:00+05:30,limit,1363.4000244140625,False,1354.800048828125,1351.5829685930094,1359.6256691807985,1362.842749415914,False
2026-05-29 15:25:00+05:30,limit,1362.199951171875,False,1355.0,1351.8669906466337,1359.6995140300496,1362.8325233834157,False
2026-05-29 15:25:00+05:30,limit,1361.9000244140625,False,1355.699951171875,1352.6793059073652,1360.2309190686397,1363.2515643331494,False
2026-05-29 15:25:00+05:30,limit,1361.5,False,1357.0,1353.9636802621962,1361.5544796067056,1364.5907993445094,False
2026-05-29 15:25:00+05:30,limit,1360.199951171875,False,1354.0999755859375,1350.7148236363253,1359.177703510356,1362.562855459968,False
2026-05-29 15:25:00+05:30,limit,1360.199951171875,False,1356.0,1352.5395059463422,1361.1907410804868,1364.6512351341446,False
2026-05-29 15:25:00+05:30,limit,1360.199951171875,False,1356.699951171875,1353.2037843999517,1361.9442013297598,1365.4403681016834,False
2026-05-29 15:25:00+05:30,limit,1360.199951171875,False,1352.0999755859375,1348.4506820544193,1357.5739158832148,1361.223209414733,False
2026-05-29 15:25:00+05:30,limit,1360.199951171875,False,1353.5,1349.7685131493047,1359.0972302760429,1362.8287171267384,False
2026-05-29 15:25:00+05:30,limit,1360.199951171875,False,1357.0,1353.2264785884167,1362.660282117375,1366.4338035289582,False
2026-05-29 15:25:00+05:30,limit,1360.199951171875,True,1359.199951171875,1355.3359607260745,1364.9959368405757,1368.8599272863762,False
2026-05-29 15:25:00+05:30,limit,1360.199951171875,False,1356.9000244140625,1353.0120332858191,1362.7320111064275,1366.620002234671,False
2026-05-29 15:25:00+05:30,limit,1360.199951171875,False,1355.5,1351.6582876744437,1361.2625684883344,1365.1042808138907,False
2026-05-29 15:25:00+05:30,limit,1360.199951171875,False,1355.0,1351.3212629410014,1360.518105588498,1364.1968426474966,False
2026-05-29 15:25:00+05:30,limit,1360.199951171875,False,1357.199951171875,1353.5439873235637,1362.683896944342,1366.3398607926533,False
2026-05-29 15:25:00+05:30,limit,1360.199951171875,False,1357.5,1353.8908907122823,1362.9136639315766,1366.5227732192943,False
2026-05-29 15:25:00+05:30,limit,1360.199951171875,False,1357.199951171875,1353.6686374973426,1362.4969216836735,1366.028235358206,False
2026-05-29 15:25:00+05:30,limit,1360.199951171875,False,1355.300048828125,1351.7552596515502,1360.6172325929872,1364.162021769562,False
2026-05-29 15:25:00+05:30,limit,1360.199951171875,False,1355.0,1351.6141264286716,1360.0788103569926,1363.464683928321,False
2026-05-29 15:25:00+05:30,limit,1360.199951171875,False,1359.0999755859375,1355.5959543121148,1364.3560074966715,1367.8600287704942,False
2026-05-29 15:25:00+05:30,limit,1360.199951171875,False,1358.5,1355.1348332033253,1363.547750195012,1366.9129169916866,False
2026-05-29 15:25:00+05:30,limit,1359.9000244140625,False,1356.199951171875,1352.8265903740698,1361.2599923685827,1364.633353166388,False
2026-05-29 15:25:00+05:30,limit,1359.9000244140625,False,1356.0,1352.4904485951186,1361.264327107322,1364.7738785122037,False
2026-05-29 15:25:00+05:30,limit,1359.9000244140625,False,1358.4000244140625,1354.901151067119,1363.6483344344779,1367.1472077814215,False
2026-05-29 15:25:00+05:30,limit,1359.9000244140625,False,1358.0,1354.6139054133291,1363.0791418800063,1366.4652364666772,False
2026-05-29 15:25:00+05:30,limit,1359.9000244140625,False,1358.300048828125,1355.0186669128236,1363.222121701077,1366.5035036163786,False
2026-05-29 15:25:00+05:30,limit,1359.9000244140625,False,1358.0999755859375,1354.9415557996308,1362.8376052653975,1365.9960250517042,False
2026-05-29 15:25:00+05:30,limit,1359.9000244140625,False,1358.300048828125,1355.1958018836974,1362.9564192447665,1366.0606661891939,False
2026-05-29 15:25:00+05:30,limit,1359.9000244140625,False,1359.0,1355.9374870728082,1363.5937693907877,1366.6562823179797,False
2026-05-29 15:25:00+05:30,limit,1359.9000244140625,True,1359.9000244140625,1356.8934031747506,1364.4099562730303,1367.4165775123424,False
2026-05-29 15:25:00+05:30,limit,1360.9000244140625,False,1358.199951171875,1355.228090685148,1362.6577419019657,1365.6296023886928,False
2026-05-29 15:25:00+05:30,limit,1360.9000244140625,False,1358.199951171875,1355.3032256696908,1362.5450394251511,1365.4417649273355,False
2026-05-29 15:25:00+05:30,limit,1360.9000244140625,False,1355.800048828125,1352.835940298195,1360.24621162302,1363.2103201529499,False
2026-05-29 15:25:00+05:30,limit,1360.9000244140625,False,1357.0999755859375,1354.1847298583687,1361.4728441772909,1364.3880899048595,False
2026-05-29 15:25:00+05:30,limit,1360.9000244140625,False,1356.699951171875,1353.7872209036414,1361.0690465742255,1363.981776842459,False
2026-05-29 15:25:00+05:30,limit,1360.9000244140625,False,1356.0999755859375,1353.2667260511491,1360.34984988812,1363.1830994229085,False
2026-05-29 15:25:00+05:30,limit,1360.9000244140625,False,1356.5,1353.7491233393482,1360.6263149909778,1363.3771916516293,False
2026-05-29 15:25:00+05:30,limit,1360.9000244140625,False,1356.300048828125,1353.6342410639932,1360.2987604743228,1362.9645682384546,False
2026-05-29 15:25:00+05:30,limit,1360.9000244140625,False,1355.699951171875,1353.0702683484847,1359.6444754069605,1362.2741582303508,False
2026-05-29 15:25:00+05:30,limit,1360.9000244140625,False,1354.800048828125,1352.2467677354232,1358.6299704671778,1361.1832515598794,False
2026-05-29 15:25:00+05:30,limit,1360.9000244140625,False,1357.5999755859375,1354.9719288570002,1361.5420456793436,1364.1700924082807,False
2026-05-29 15:25:00+05:30,limit,1360.9000244140625,False,1357.0,1354.3711036512545,1360.9433445231182,1363.5722408718636,False
2026-05-29 15:25:00+05:30,limit,1360.9000244140625,False,1355.199951171875,1352.5445474194685,1359.1830568004848,1361.8384605528913,False
2026-05-29 15:25:00+05:30,limit,1360.9000244140625,False,1355.0,1352.41426585156,1358.87860122266,1361.4643353710999,False
2026-05-29 15:25:00+05:30,limit,1360.9000244140625,False,1354.5999755859375,1352.0875039771183,1358.3686829991661,1360.8811546079855,False
2026-05-29 15:25:00+05:30,limit,1360.9000244140625,False,1354.4000244140625,1351.9555927694894,1358.066671880922,1360.5111035254954,False
2026-05-29 15:25:00+05:30,limit,1360.9000244140625,False,1354.300048828125,1351.9616542932088,1357.8076406304995,1360.1460351654155,False
2026-05-29 15:25:00+05:30,limit,1360.9000244140625,False,1352.5999755859375,1350.248600861551,1356.1270376725172,1358.4784123969037,False
2026-05-29 15:25:00+05:30,limit,1360.9000244140625,False,1353.300048828125,1351.0394844914179,1356.6908953331858,1358.9514596698928,False
2026-05-29 15:25:00+05:30,limit,1360.9000244140625,False,1355.0999755859375,1352.778014617031,1358.5829170392972,1360.904878008204,False
2026-05-29 15:25:00+05:30,limit,1360.199951171875,False,1354.9000244140625,1352.5724892286494,1358.3913271921822,1360.7188623775953,False
2026-05-29 15:25:00+05:30,limit,1359.199951171875,False,1353.5999755859375,1351.2244071994824,1357.1633281656202,1359.5388965520754,False
2026-05-29 15:25:00+05:30,limit,1358.9000244140625,False,1352.699951171875,1350.408351955881,1356.1373499958659,1358.42894921186,False
2026-05-29 15:25:00+05:30,limit,1358.9000244140625,False,1354.300048828125,1352.009276034925,1357.736208017925,1360.0269808111248,False
2026-05-29 15:25:00+05:30,limit,1358.9000244140625,False,1355.4000244140625,1353.161445492252,1358.7578927967784,1360.996471718589,False
2026-05-29 15:25:00+05:30,limit,1358.5,False,1356.699951171875,1354.4841299799705,1360.0236829597318,1362.2395041516363,False
2026-05-29 15:25:00+05:30,limit,1358.5,True,1359.0999755859375,1356.7852844791691,1362.57201224609,1364.8867033528584,False
2026-05-29 15:25:00+05:30,limit,1359.5999755859375,False,1355.0999755859375,1352.5991930794294,1358.8511493456997,1361.3519318522078,False
2026-05-29 15:25:00+05:30,limit,1359.5999755859375,False,1356.699951171875,1354.1206531301175,1360.5688982345114,1363.1481962762687,False
2026-05-29 15:25:00+05:30,limit,1359.5999755859375,False,1357.800048828125,1355.2764149322072,1361.5854996720018,1364.1091335679193,False
2026-05-29 15:25:00+05:30,limit,1359.5999755859375,False,1357.300048828125,1354.888098882362,1360.9179737467693,1363.3299236925322,False
2026-05-29 15:25:00+05:30,limit,1359.5999755859375,False,1356.800048828125,1354.4318095927738,1360.3524076811518,1362.720646916503,False
2026-05-29 15:25:00+05:30,limit,1359.5999755859375,False,1356.5999755859375,1354.272324867397,1360.0914516637483,1362.4191023822889,False
2026-05-29 15:25:00+05:30,limit,1359.5999755859375,False,1355.199951171875,1352.8928406553284,1358.660616946695,1360.9677274632413,False
2026-05-29 15:25:00+05:30,limit,1359.5999755859375,False,1355.699951171875,1353.3004914065104,1359.2991408199218,1361.6986005852864,False
2026-05-29 15:25:00+05:30,limit,1359.5999755859375,False,1357.9000244140625,1355.4576689176524,1361.5635576586776,1364.0059131550877,False
2026-05-29 15:25:00+05:30,limit,1359.5999755859375,False,1352.5999755859375,1349.7835005323514,1356.8246881663167,1359.6411632199029,False
2026-05-29 15:25:00+05:30,limit,1359.5999755859375,False,1351.5999755859375,1348.8818139011344,1355.6772181131423,1358.3953797979452,False
2026-05-29 15:25:00+05:30,limit,1359.5999755859375,False,1353.4000244140625,1350.6703007569686,1357.4946098997034,1360.2243335567973,False
2026-05-29 15:25:00+05:30,limit,1359.5999755859375,False,1350.9000244140625,1347.9967054043502,1355.2550029286308,1358.1583219383433,False
2026-05-29 15:25:00+05:30,limit,1359.5999755859375,False,1351.199951171875,1348.3668608637493,1355.4495866340635,1358.2826769421895,False
2026-05-29 15:25:00+05:30,limit,1359.5999755859375,False,1349.699951171875,1346.8463694069637,1353.980323819242,1356.8339055841532,False
2026-05-29 15:25:00+05:30,limit,1359.5999755859375,False,1350.5,1347.738823210484,1354.641765184274,1357.40294197379,False
2026-05-29 15:25:00+05:30,limit,1359.5999755859375,False,1349.5999755859375,1346.8560278025923,1353.7158972609554,1356.4598450443004,False
2026-05-29 15:25:00+05:30,limit,1359.5999755859375,False,1349.699951171875,1347.0319975661348,1353.7018815804854,1356.3698351862254,False
2026-05-29 15:25:00+05:30,limit,1359.5999755859375,False,1350.699951171875,1347.9654228236877,1354.801743694156,1357.5362720423432,False
2026-05-29 15:25:00+05:30,limit,1359.5999755859375,False,1351.0999755859375,1348.3893421197636,1355.1659257851984,1357.8765592513723,False
2026-05-29 15:25:00+05:30,limit,1359.199951171875,False,1351.300048828125,1348.7144564242672,1355.1784374339118,1357.7640298377696,False
2026-05-29 15:25:00+05:30,limit,1358.0999755859375,False,1352.9000244140625,1350.2419743247658,1356.8870995480074,1359.5451496373043,False
2026-05-29 15:25:00+05:30,limit,1358.0999755859375,False,1359.5999755859375,1355.794645452796,1365.3079707856498,1369.1133009187913,False
2026-05-29 15:25:00+05:30,limit,1368.5,False,1351.5,1347.246477069449,1357.8802843958265,1362.1338073263778,False
2026-05-29 15:25:00+05:30,limit,1368.5,False,1351.0,1346.6988631939525,1357.4517052090712,1361.7528420151186,False
2026-05-29 15:25:00+05:30,limit,1368.5,False,1350.800048828125,1346.6089890372418,1357.0866385144498,1361.277698305333,False
2026-05-29 15:25:00+05:30,limit,1368.5,False,1351.4000244140625,1347.3797546082424,1357.4304291227927,1361.4506989286128,False
2026-05-29 15:25:00+05:30,limit,1368.5,False,1349.300048828125,1345.3183676300866,1355.2725706251827,1359.2542518232208,False
2026-05-29 15:25:00+05:30,limit,1368.5,False,1350.800048828125,1346.9227755225804,1356.6159587864418,1360.4932320919866,False
2026-05-29 15:25:00+05:30,limit,1368.5,False,1351.0,1347.3225298379318,1356.5162052431024,1360.1936754051703,False
2026-05-29 15:25:00+05:30,limit,1368.5,False,1350.4000244140625,1346.865228599508,1355.702218135894,1359.2370139504485,False
2026-05-29 15:25:00+05:30,limit,1368.5,False,1352.0,1348.4776854155032,1357.2834718767454,1360.805786461242,False
2026-05-29 15:25:00+05:30,limit,1368.5,False,1352.5999755859375,1349.1921141358243,1357.7117677611072,1361.1196292112204,False
2026-05-29 15:25:00+05:30,limit,1368.5,False,1350.0,1346.5355572248948,1355.1966641626577,1358.6611069377632,False
2026-05-29 15:25:00+05:30,limit,1368.5,False,1349.0,1345.5344439019113,1354.198334147133,1357.6638902452216,False
2026-05-29 15:25:00+05:30,limit,1368.5,False,1345.5999755859375,1341.9190999736497,1351.1212890043691,1354.802164616657,False
2026-05-29 15:25:00+05:30,limit,1368.5,False,1345.0999755859375,1341.4934419537685,1350.509776034191,1354.11630966636,False
2026-05-29 15:25:00+05:30,limit,1368.5,False,1349.800048828125,1345.9711163705754,1355.5434475144493,1359.3723799719992,False
2026-05-29 15:25:00+05:30,limit,1368.5,False,1348.0999755859375,1344.3473912615163,1353.7288520725692,1357.4814363969904,False
2026-05-29 15:25:00+05:30,limit,1368.5,False,1345.199951171875,1341.4411270558946,1350.8381873458457,1354.5970114618258,False
2026-05-29 15:25:00+05:30,limit,1368.5,False,1345.0,1341.423949035161,1350.3640764472584,1353.9401274120974,False
2026-05-29 15:25:00+05:30,limit,1368.5,False,1341.800048828125,1338.136572932203,1347.295262672008,1350.9587385679297,False
2026-05-29 15:25:00+05:30,limit,1368.5,False,1342.199951171875,1338.5667277395012,1347.6497863204359,1351.2830097528094,False
2026-05-29 15:25:00+05:30,limit,1359.9000244140625,False,1341.5999755859375,1338.08912734851,1346.8662479420789,1350.3770961795065,False
2026-05-29 15:25:00+05:30,limit,1353.4000244140625,False,1341.9000244140625,1338.5542367650226,1346.9187058876223,1350.2644935366625,False
2026-05-29 15:25:00+05:30,limit,1353.4000244140625,False,1342.5,1339.281764426338,1347.327353360493,1350.5455889341551,False
2026-05-29 15:25:00+05:30,limit,1353.4000244140625,False,1342.9000244140625,1339.7402342385192,1347.6397096773776,1350.7994998529207,False
2026-05-29 15:25:00+05:30,limit,1353.4000244140625,False,1343.699951171875,1340.645858201951,1348.2810906267612,1351.3351835966853,False
2026-05-29 15:25:00+05:30,limit,1353.4000244140625,False,1339.699951171875,1336.5040118850704,1344.4938601020817,1347.6897993888865,False
2026-05-29 15:25:00+05:30,limit,1353.4000244140625,False,1340.0,1336.94662780511,1344.580058292335,1347.633430487225,False
2026-05-29 15:25:00+05:30,limit,1353.4000244140625,False,1340.0,1337.0018770467093,1344.4971844299362,1347.4953073832266,False
2026-05-29 15:25:00+05:30,limit,1353.4000244140625,False,1338.0,1334.993173636007,1342.5102395459894,1345.5170659099826,False
2026-05-29 15:25:00+05:30,limit,1353.4000244140625,False,1339.0999755859375,1336.1107754912475,1343.5837757279724,1346.5729758226626,False
2026-05-29 15:25:00+05:30,limit,1353.300048828125,False,1337.0999755859375,1334.0585671274753,1341.6620882736308,1344.703496732093,False
2026-05-29 15:25:00+05:30,limit,1350.4000244140625,False,1336.800048828125,1333.830173730535,1341.2548614745099,1344.2247365720998,False
2026-05-29 15:25:00+05:30,limit,1349.9000244140625,False,1336.5999755859375,1333.765089474113,1340.8523047536742,1343.687190865499,False
2026-05-29 15:25:00+05:30,limit,1349.800048828125,False,1336.800048828125,1334.0733604966094,1340.8900813253983,1343.616769656914,False
2026-05-29 15:25:00+05:30,limit,1349.800048828125,False,1335.5,1332.830923893057,1339.5036141604146,1342.1726902673577,False
2026-05-29 15:25:00+05:30,limit,1349.800048828125,False,1335.5999755859375,1332.9586990000262,1339.5618904648045,1342.2031670507158,False
2026-05-29 15:25:00+05:30,limit,1347.800048828125,False,1335.5,1332.9788104135287,1339.281784379707,1341.8029739661783,False
2026-05-29 15:25:00+05:30,limit,1345.4000244140625,False,1336.5999755859375,1334.156018012339,1340.265911946335,1342.7098695199338,False
2026-05-29 15:25:00+05:30,limit,1345.199951171875,False,1335.300048828125,1332.893518888132,1338.9098437381147,1341.3163736781078,False
2026-05-29 15:25:00+05:30,limit,1344.199951171875,False,1335.800048828125,1333.4968382700063,1339.254864665303,1341.5580752234218,False
2026-05-29 15:25:00+05:30,limit,1344.199951171875,False,1335.5,1333.2927288679077,1338.8109066981383,1341.0181778302308,False
2026-05-29 15:25:00+05:30,limit,1344.199951171875,False,1336.300048828125,1334.1475869621643,1339.5287416270662,1341.6812034930267,False
2026-05-29 15:25:00+05:30,limit,1344.199951171875,False,1336.199951171875,1334.1241020954471,1339.3137247865168,1341.3895738629446,False
2026-05-29 15:25:00+05:30,limit,1344.199951171875,False,1335.800048828125,1333.7353339212189,1338.897121188484,1340.9618360953905,False
2026-05-29 15:25:00+05:30,limit,1343.9000244140625,False,1334.9000244140625,1332.8884950585425,1337.9173184473425,1339.9288478028625,False
2026-05-29 15:25:00+05:30,limit,1343.5999755859375,False,1334.0999755859375,1332.1464126129547,1337.0303200454118,1338.9838830183944,False
2026-05-29 15:25:00+05:30,limit,1341.699951171875,False,1331.699951171875,1329.585928411248,1334.8709853128155,1336.9850080734425,False
2026-05-29 15:25:00+05:30,limit,1341.699951171875,False,1333.4000244140625,1331.2570053718287,1336.6145529774133,1338.7575720196471,False
2026-05-29 15:25:00+05:30,limit,1340.5999755859375,False,1330.5,1328.1757659395773,1333.986351090634,1336.3105851510568,False
2026-05-29 15:25:00+05:30,limit,1339.5,False,1329.4000244140625,1327.096096971795,1332.8559155774637,1335.159843019731,False
2026-05-29 15:25:00+05:30,limit,1339.300048828125,False,1330.0999755859375,1327.8663307678946,1333.4504428130017,1335.6840876310448,False
2026-05-29 15:25:00+05:30,limit,1337.0999755859375,False,1329.699951171875,1327.4887011845851,1333.0168261528097,1335.2280761400998,False
2026-05-29 15:25:00+05:30,limit,1336.800048828125,False,1332.4000244140625,1330.0981473332308,1335.85284003531,1338.1547171161417,False
2026-05-29 15:25:00+05:30,limit,1336.800048828125,False,1330.800048828125,1328.5083121023974,1334.2376539167162,1336.529390642444,False
2026-05-29 15:25:00+05:30,limit,1336.800048828125,False,1328.9000244140625,1326.3605608752173,1332.7092197223303,1335.2486832611755,False
2026-05-29 15:25:00+05:30,limit,1336.699951171875,False,1330.199951171875,1327.6961677853578,1333.9556262516508,1336.459409638168,False
2026-05-29 15:25:00+05:30,limit,1336.699951171875,False,1328.5,1325.9950603765824,1332.2574094351264,1334.762349058544,False
2026-05-29 15:25:00+05:30,limit,1336.699951171875,False,1328.300048828125,1325.9054578496837,1331.8919352957869,1334.2865262742284,False
2026-05-29 15:25:00+05:30,limit,1336.699951171875,False,1329.0999755859375,1326.7821431985901,1332.5767241669587,1334.8945565543058,False
2026-05-29 15:25:00+05:30,limit,1336.699951171875,False,1327.800048828125,1325.5277842675525,1331.2084456689836,1333.4807102295563,False
2026-05-29 15:25:00+05:30,limit,1336.699951171875,False,1328.0999755859375,1325.8700135442004,1331.444918648543,1333.6748806902801,False
2026-05-29 15:25:00+05:30,limit,1336.699951171875,False,1330.4000244140625,1328.1064903250835,1333.840325547531,1336.13385963651,False
2026-05-29 15:25:00+05:30,limit,1336.699951171875,False,1330.300048828125,1328.0931936528677,1333.610331591011,1335.8171867662682,False
2026-05-29 15:25:00+05:30,limit,1336.4000244140625,False,1330.5,1328.3650630515467,1333.70240542268,1335.8373423711332,False
2026-05-29 15:25:00+05:30,limit,1335.800048828125,False,1330.800048828125,1328.723323754338,1333.9151364388053,1335.9918615125925,False
2026-05-29 15:25:00+05:30,limit,1335.0999755859375,False,1330.300048828125,1328.3116654448766,1333.2826239029978,1335.271007286246,False
2026-05-29 15:25:00+05:30,limit,1334.5,False,1328.800048828125,1326.747976451046,1331.8781573937435,1333.9302297708223,False
2026-05-29 15:25:00+05:30,limit,1334.0,False,1327.5,1325.4144958507482,1330.6282562238778,1332.7137603731296,False
2026-05-29 15:25:00+05:30,limit,1334.0,False,1324.800048828125,1322.392080689534,1328.4120010360116,1330.8199691746026,False
2026-05-29 15:25:00+05:30,limit,1332.5999755859375,False,1319.199951171875,1316.4839723869334,1323.2739193492876,1325.989898134229,False
2026-05-29 15:25:00+05:30,limit,1332.5999755859375,False,1319.5999755859375,1316.7437179418844,1323.8843620520172,1326.7406196960703,False
2026-05-29 15:25:00+05:30,limit,1332.5999755859375,False,1320.0999755859375,1317.2163119588704,1324.4254710265382,1327.3091346536053,False
2026-05-29 15:25:00+05:30,limit,1332.5999755859375,False,1321.199951171875,1318.1879757112501,1325.7179143628123,1328.7298898234371,False
2026-05-29 15:25:00+05:30,limit,1332.5999755859375,False,1321.9000244140625,1318.5546165365627,1326.9181362303123,1330.263544107812,False
